Country name,1980,1981,1982,1983,1984,1985,1986,1987,1988,1989,1990,1991,1992,1993,1994,1995,1996,1997,1998,1999,2000,2001,2002,2003,2004,2005,2006,2007,2008,2009,2010,2011,2012,2013,2014,2015,2016,2017,2018,2019,2020,2021,2022,2023,2024
Afghanistan,0,,500,12,1,,,70,0,,144,1427,614,225,160,381,70,175,7123,70,9,344,1301,137,18,570,382,296,1317,101,350,83,378,155,575,446,84,226,113,211,328,396,1335,2682,106
Africa,2668,20393,21079,183034,255311,75481,1868,1607,673,456,369,622,643,187,1797,1242,497,3249,464,769,1526,1826,1513,2920,1702,616,1560,1114,898,725,11355,10809,1026,952,586,1298,1045,2015,1024,2721,1366,557,5044,21353,132
Albania,,,1,,,125,,,0,0,0,0,11,,,4,,0,0,,,,7,,3,5,,0,,0,0,,5,,,1,2,7,0,51,,0,352,,
Algeria,2633,43,37,0,54,56,,1,0,22,,,21,37,233,,4,4,,34,48,921,48,2369,22,22,5,90,93,48,,10,69,,6,12,,0,6,8,0,103,44,42,0
American Samoa,,,,,,,,,,0,,,,,,,,,,,,,,6,0,0,,,,34,,,,,,,,,,,,,,,
Angola,,0,,,,0,,,,0,0,0,0,,,,,0,0,,59,115,8,15,28,0,0,105,7,62,25,130,0,9,,75,113,11,8,69,35,22,0,84,
Anguilla,,,,,,,,,,,,,,,,,,,,0,,,,,,,,,,,,,,,,,,4,,,,,,,
Antigua and Barbuda,,,,0,,,,,,2,0,,,,,2,,,2,2,,,,,,,,,0,,0,,,,,,,1,,,,,,,
Argentina,41,,0,0,30,43,4,1,25,,21,0,45,15,24,6,,0,19,0,37,35,7,39,10,11,0,19,0,23,42,0,25,56,27,16,3,1,2,8,5,19,0,15,1
Armenia,,,,,,,,,,,,,,,,,,4,0,,0,,,,1,,,,,,,,,0,0,,0,,0,0,0,,,0,
Asia,11799,12817,7382,6739,6719,20711,3340,8985,14319,9058,49147,156895,10824,18236,8874,17150,13102,13275,25337,35749,6557,25894,8518,33382,233291,83263,16901,12652,232379,7377,14198,27325,6102,19109,5786,16394,5094,5624,9188,5250,6235,5136,7562,63424,748
Australia,,2,1,75,36,38,15,,17,33,7,5,2,18,36,9,21,21,20,8,1,6,2,6,6,16,4,11,8,535,6,31,4,9,141,16,8,12,0,24,12,7,31,10,
Austria,0,0,12,0,42,12,,,,,3,5,,0,0,2,0,3,0,53,13,,12,345,,4,0,5,4,3,,,5,4,,,0,5,,12,,1,419,8,
Azerbaijan,,,,,,,,,,,,,,,,5,,11,1,1,42,,,0,,,,,,0,3,,5,,,,,,,,,,,,
Bahamas,,,,,,,,,0,,0,,4,,,0,,,,1,,0,,,12,1,,1,0,,,0,1,0,,33,0,0,,356,,,,,
Bangladesh,666,1085,0,930,1200,15155,214,2292,3506,1166,1022,139356,118,646,350,1614,881,560,1491,330,191,253,379,883,1101,282,204,5635,68,260,195,102,296,98,79,159,198,323,102,260,283,24,176,20,
Barbados,0,,,,0,,,0,,,,,,,,0,,,,,,,0,,1,,,0,,,0,,,,,,,1,,,,0,,0,
Belarus,,,,,,,,,,,,,,0,,,0,5,,2,0,,,,,,5,0,,,,,0,4,2,,,43,0,,,,,0,
Belgium,,,,2,0,0,,,,,16,,0,0,0,6,,,1,2,,,7,1175,,2,940,2,0,1,4,5,3,0,0,410,2,,1,653,1750,39,436,2,
Belize,,,,,,,,,,,0,,,,,0,,,9,,14,30,,,,3,,0,8,,0,,,,,0,0,,,,0,,0,,
Benin,,,0,0,0,61,,,0,,,3,,,0,20,11,0,0,3,,,,,,,,10,15,10,46,0,4,1,,,,,,,6,13,44,,
Bermuda,,,,,,0,0,0,,0,,,,,,,,,,,,,,4,,,,,,,,,,,,,,,,,,,,,
Bhutan,,,,,,,,,,,,,,,39,,,,,0,200,,,,0,,,,,23,,1,,,,,,,,,,10,,,
Bolivia,0,,0,250,0,0,29,25,0,,0,,53,,5,,40,56,155,3,36,50,96,95,48,0,25,58,57,0,30,52,13,107,126,40,4,,6,83,31,46,64,34,0
Bosnia and Herzegovina,,,,,,,,,,,,,,,,,,,,0,6,0,,0,0,4,,0,,1,5,,4,,26,0,,,,1,0,0,2,1,
Botswana,,,0,0,0,0,0,0,8,,,,0,,,20,,,,,3,,,,0,,,,,0,,0,,12,,0,,0,0,0,,,,,
Brazil,82,97,33,176,273,123,29,107,732,303,24,44,137,,0,238,186,93,14,32,115,98,104,155,139,49,20,70,203,96,455,973,20,107,55,28,33,14,22,47,163,49,541,171,60
British Virgin Islands,,,,,,,,,,,,,,,,,0,,,,,,,,,,,,,,,,,,,,,9,,,,,,,
Brunei,,,,,,,,,,,,,,,,,,,0,,,,,,,,,,,,,,,,,,,,,,,,,,
Bulgaria,,0,,0,,,3,,,,1,,,0,,,,0,3,0,14,2,1,,,39,18,17,10,,3,,38,,21,5,,,0,,,0,1277,8,
Burkina Faso,0,0,0,0,0,0,,,16,,0,,,,22,0,0,,0,6,,0,,0,,,0,52,6,9,16,0,18,2,0,8,15,2,,,13,,0,,
Burundi,,,,,,,,,,12,,,,,,,,,,0,2,4,0,0,3,110,32,5,9,0,9,12,,,96,45,18,6,0,61,5,0,,21,0
Cambodia,,,,,,,,0,,,,100,,,506,0,59,25,,7,347,56,29,,0,16,5,2,,19,8,247,14,200,45,0,0,,0,12,44,1,31,0,
Cameroon,,,,,37,,1746,,2,,0,2,,,6,,,,,24,3,30,,20,,2,,8,9,,13,,25,0,0,4,,3,,54,0,,21,27,
Canada,0,0,0,0,0,12,0,27,2,1,8,0,0,0,0,2,10,5,31,7,11,11,0,7,0,4,1,6,0,2,0,8,0,14,0,0,0,2,70,2,1,822,17,10,
Cape Verde,,,3,0,29,0,,,,,,,0,,,0,,,0,,,,0,,,,,,,3,,,,,0,9,,0,,,1,,0,,
Cayman Islands,,,,,,,,,,,,,,,,,,,,,,0,0,,2,,,,0,,,,,,,,,,,,,,,,
Central African Republic,,0,,0,0,,,,,,,,,,,0,7,,0,0,,3,1,0,3,1,,1,0,4,3,1,0,0,,1,,0,,0,,0,16,0,
Chad,,120,719,719,719,723,,,54,,,39,,0,,2,,0,0,0,,100,,,,,52,29,0,6,24,,20,0,,,,0,,52,3,32,22,,
Chile,,,0,4,127,180,39,164,0,21,0,141,0,115,,33,,44,,0,16,6,19,0,3,61,18,18,9,,562,0,9,0,18,204,12,42,,8,,0,3,33,431
China,6491,2465,551,921,144,1661,683,881,3969,3161,1324,4317,1449,1565,3203,2436,5612,1633,4501,1727,663,922,1426,1092,807,1020,2109,1150,88450,582,7186,746,802,1395,1575,500,1287,514,354,571,463,455,283,386,54
Colombia,40,225,120,411,0,21800,278,674,146,16,10,107,11,170,308,141,17,2,104,1276,115,99,135,115,116,180,150,218,145,61,541,396,77,7,88,104,10,384,26,84,66,42,156,32,0
Comoros,,0,,33,,2,,24,,0,,0,,,,,,,,,,,,0,,1,0,,,2,,,4,,0,,,,,8,,,,,
Congo,,,,0,,,,,,,,,,,0,,,,0,2,,,0,0,,1,6,0,,,,,19,,,,,,,0,20,24,0,10,7
Cook Islands,,0,,,,,,5,,,1,,,,,,,19,,,,0,,,,0,,,,,0,,,,,,,,,,,,,,
Costa Rica,1,,,12,,,,,35,,1,48,0,12,2,0,60,,8,9,7,0,10,3,10,6,,19,11,31,27,4,8,,,0,9,13,1,0,0,3,0,,
Cote d'Ivoire,,,,0,,,,,,0,,,,,,,28,,,,,,,,,,,0,6,27,18,,,,46,16,20,15,20,12,24,,13,,
Croatia,,,,,,,,,,,,,,,,,0,0,,,41,0,,788,,7,0,12,,,0,,7,,3,0,,0,0,1,9,,731,1,
Cuba,3,0,24,15,,4,0,0,23,,4,,0,51,14,2,3,0,6,4,2,5,3,0,4,20,2,1,7,,,,14,2,,3,0,10,9,6,0,0,9,6,
Cyprus,,,,0,,,,,,,,0,,,,2,,,52,,5,,,0,0,,,4,,,,,,,,,,,,,,4,101,,0
Czechia,,,,,,,,,,,,,,,,,1,29,6,,0,,20,418,,3,19,4,2,15,23,,32,15,,,,0,3,,1,6,280,0,
Czechoslovakia,,0,0,,0,10,,0,,,,,,,,,,,,,,,,,,,,,,,,,,,,,,,,,,,,,
Democratic Republic of Congo,,,,,0,,,,,0,23,,9,,39,,,0,,2,,62,240,29,,14,4,32,36,0,54,0,1,,165,55,50,279,51,80,83,32,223,3086,2
Denmark,0,9,,2,,0,,,,,1,,0,,,,,,,7,,,1,,,4,,0,,,0,,,2,,,,,,,,,253,,
Djibouti,0,25,,0,0,,,,0,10,,,,0,145,0,0,,,,,0,,,51,0,0,0,0,0,0,0,,,,,,,2,11,8,,0,,
Dominica,0,,,,2,,,,,0,,,,,,2,,,,0,,,,,0,,,2,,,,0,,,,30,,64,,,,,,,
Dominican Republic,7,20,,0,,12,12,3,0,0,,10,,30,,11,27,,347,,,3,3,21,703,12,,175,13,7,7,11,8,0,1,2,21,5,0,,6,2,2,38,
East Germany,,,,,0,0,,,,,,,,,,,,,,,,,,,,,,,,,,,,,,,,,,,,,,,
East Timor,,,,,,,,,,,,,,,,,,,,,,1,,3,0,,0,1,0,,,,,,,0,0,,,,3,41,,,
Ecuador,8,,68,339,,0,,5102,,35,4,,22,460,0,3,27,137,111,0,78,58,91,0,,,21,,41,3,14,7,34,24,3,12,682,,,16,0,6,77,119,6
Egypt,,,,,,,,30,,,,1,552,34,600,49,34,22,,,3,,18,,13,,,,98,,58,,,,,141,26,,,,40,3,,,
El Salvador,,,520,,,,1100,,55,10,,,2,22,0,8,12,4,475,7,3,1159,1,,,120,1,2,30,275,17,35,,0,,13,0,10,4,1,75,5,11,3,
Eritrea,,,,,,,,,,,,,,3,,,,,,0,0,0,0,0,0,,,,0,,,,,,,,,,,,,,,,
Estonia,,,,,,,,,,,,,,,,,,,,,,,,,,0,3,,,,,,1,,,,,,7,,,,167,,
Eswatini,,,,500,53,,,,,,0,0,0,0,0,0,,,,,0,0,0,0,0,0,1,2,0,,,,,,11,,0,0,,0,,0,0,,
Ethiopia,,0,,120294,179706,9,,367,45,0,0,13,0,2,26,27,40,326,0,48,73,5,22,119,0,211,951,22,45,0,19,0,0,0,,0,128,0,44,23,34,16,0,151,
Europe,4765,157,120,173,508,599,59,1379,25110,456,373,558,132,542,325,2541,166,431,669,924,667,1267,1000,72345,166,896,4716,785,236,732,56412,247,1294,894,275,3856,416,331,280,2973,6746,303,61759,161,20
European Union (27),4765,75,119,152,83,435,56,1170,66,54,218,138,89,49,157,114,138,353,517,680,330,445,399,71000,112,836,3775,754,174,691,547,242,619,112,176,3814,352,211,270,2690,4159,269,56951,101,14
Fiji,18,0,,9,,32,20,1,,10,0,,1,21,,,,25,0,12,4,1,,17,16,,4,7,7,14,2,,17,,,0,47,,7,1,8,6,1,0,
Finland,,,,,,,,,,,0,,,,,,,,,,,,,,,0,,,,,,,,,,,,,,,,,225,,
France,6,0,30,55,4,6,5,27,10,9,62,20,51,16,13,16,5,23,15,146,11,17,28,19511,11,13,1393,5,5,18,81,6,12,4,22,3298,5,3,23,1451,1944,2,4813,2,10
French Guiana,,,,,,,,,,,,,,,,,0,,,,10,,,,,,,,,,,,,,,,,,,,0,,,,
French Polynesia,,,,7,,,,10,,,,,,,,,,,13,,,,,,,,,,,,1,,,,,,,0,,,,,,,
Gabon,,,,,,,,,0,,,,,,,,,,,,,,,,,,,,,0,0,0,1,,,,,,,,,,,0,
Gambia,0,0,0,0,0,0,,,,,,,,,,,0,,,53,,1,0,3,2,,,0,0,5,9,,0,2,,0,,6,,4,,10,6,,
Georgia,,,,,,,,,,,,8,1,,,1,,7,,,0,0,6,,1,0,0,,,0,,7,5,0,0,40,,,0,0,0,0,0,18,
Germany,,,,,,,,,,,64,0,1,11,13,5,0,30,3,30,,6,49,9370,2,4,23,19,8,7,17,4,6,11,8,,7,5,5,5,0,198,8180,4,
Ghana,,,,0,0,4,,,,7,,5,,,,145,,,,52,,12,4,,,,,56,0,40,63,20,,5,,25,10,20,34,32,7,9,0,8,
Greece,1,24,,12,0,23,20,1048,56,,4,5,,1,14,52,0,9,17,143,37,11,2,0,0,,4,86,2,0,1,,6,,3,3,4,26,100,7,10,3,3092,40,0
Grenada,0,,,,,,,,,,0,,,,,,,,,0,,,0,,39,,,,,,0,,,,,,,,,,,,,,
Guadeloupe,,,,,,,,,0,5,0,,,,,0,,,0,4,,,,,1,,,0,,,,,,,,,,4,,,,,1,,
Guam,,,,,,,,0,,,,,1,0,,,,0,,,,,1,,1,,,,,,,,,,,,,,,,,,,2,
Guatemala,,,620,0,0,0,0,84,5,10,,37,0,,10,31,0,,435,14,36,55,70,22,,1583,6,11,74,36,227,83,44,1,6,358,10,20,463,4,167,2,55,164,
Guinea,,0,0,443,,,,,,,,,,0,,,,,12,,4,9,,,0,,0,0,0,2,8,0,,0,,16,,0,,,0,5,0,8,
Guinea-Bissau,,,0,0,0,0,,1,,,,,,0,,,,,3,,,,0,0,3,,0,,0,,2,,,,,,,,3,,,,,,
Guyana,,,,,,,,,0,0,,,,,,,0,0,0,,,,,,,34,0,,0,,0,,,,,0,,0,,,,0,0,,
Haiti,220,0,0,0,,,148,33,81,0,0,,0,13,1122,,84,,190,13,16,26,35,88,5422,88,16,163,698,21,222641,39,130,6,12,11,599,35,17,14,39,2582,9,80,
High-income countries,6359,547,1406,1083,1158,1784,366,2382,201,572,797,829,262,1124,559,6459,731,905,1571,3666,739,922,947,72827,766,3150,4270,1343,666,2284,1579,21403,1175,1571,880,4490,1019,773,1196,3762,7271,2005,60190,804,854
Honduras,,0,130,,0,,0,,19,10,5,,,413,151,32,8,0,14600,34,0,21,11,10,0,61,4,7,67,7,144,33,0,,4,0,7,21,6,0,132,0,14,5,
Hong Kong,2,0,31,23,,2,5,10,0,12,,22,7,8,1,,,81,,2,,,,4,,0,,,2,0,1,,,,,,,0,0,,,2,,0,
Hungary,,,,,4,,0,,,,,,0,,,,0,0,,48,1,81,0,7,0,10,47,500,17,,1,,16,0,0,,0,0,61,118,,,513,,
Iceland,,,,4,0,,,,0,,,,,,,34,0,,,,0,,,,,,,,,,0,,,,,,,,,,,,,0,
India,2856,1658,2076,1634,1574,2162,800,1880,3511,1915,2361,2641,1166,11251,2395,2934,2876,2476,8617,11178,2556,20968,2811,1992,17996,4201,1521,2212,1797,1928,1344,1038,433,7285,1072,3400,1129,2346,1396,2307,2316,2126,2210,2135,4
Indonesia,253,1007,603,43,258,52,259,459,229,144,230,230,2632,134,609,233,291,933,41,106,539,584,276,506,165974,1178,7413,644,128,1501,1294,129,107,173,243,84,270,99,5293,436,260,509,406,96,51
Iran,306,3458,,33,,1,266,867,91,100,40042,78,68,805,53,27,58,2781,211,102,14,476,291,26817,75,734,77,24,56,0,11,,319,45,38,52,4,509,11,83,52,26,103,9,0
Iraq,,,,,,,,,,,,20,,,,,,,0,0,0,0,,,0,,20,,4,2,,6,4,11,,58,,10,21,10,8,16,1,3,3
Ireland,,,,10,,,11,0,,,2,0,,3,,,2,,2,8,1,,0,,0,0,,,,0,,2,,,1,1,,0,2,,,0,27,,
Isle of Man,,,,,,,,,,,,,,,,,,,,,,,,,,,,,,,,,,,,,,,,,,0,,,
Israel,,,,0,,,,,,,,5,0,,,0,,15,0,0,3,,,,,,,,,,46,,,4,,0,0,,12,,7,,,,
Italy,4689,12,0,7,7,329,2,90,,,27,0,2,8,72,,17,36,170,1,46,2,34,20092,2,1,13,17,9,335,3,29,73,18,15,9,299,44,23,5,19,1,18035,28,1
Jamaica,6,0,0,0,,7,54,9,49,,,15,,9,4,,0,,,,0,1,13,,16,6,1,5,13,,15,,1,,0,,0,0,,,,,,,
Japan,29,203,673,399,100,49,64,10,27,43,67,144,11,438,10,5300,20,28,57,86,32,25,7,46,271,118,80,87,76,77,180,19976,173,400,301,71,101,49,435,288,84,62,112,15,241
Jordan,,,,,,,,9,,,,10,15,,,,,2,,0,9,,5,,,,,,,,,,,,,,,,34,,,,,0,
Kazakhstan,,,,,,,,,,,,,,10,,112,,0,,,0,3,,3,48,0,,,1,,44,2,0,0,5,2,,0,0,,0,0,,14,4
Kenya,0,,75,,0,,,,50,,44,0,0,,0,0,0,86,40,2,27,31,130,40,135,28,237,39,66,35,228,33,73,128,0,119,61,26,134,187,285,9,0,219,10
Kiribati,,,,,,,,,,,,,,,,,,,,0,,,,,,,,,0,,,,,,0,0,,,,,,,,,
Kuwait,,,,,,,,,,,,,,,,,,2,,,,,,,,,,,,,,,,,,,,,1,,,,,,
Kyrgyzstan,,,,,,,,,,,,,58,,162,,,0,1,,11,,0,38,49,3,4,0,74,0,0,0,16,,0,0,,24,,,,15,0,,
Laos,,0,,,14,,,0,0,,,0,32,8,0,26,30,,,0,15,0,2,,,,,,6,26,,48,,23,0,4,5,0,136,19,2,0,1,7,
Latvia,,,,,,,,,,,,,,,,,,,,6,,21,,15,,0,40,,,,,,10,,,,,,0,,,,105,0,
Lebanon,,,,20,,,,0,,,,,25,,,,,,,,,,0,0,,,,1,,,,,,,,5,,,15,3,0,,,0,0
Lesotho,,,,0,0,0,,18,,0,22,,0,0,0,,0,,,,,1,0,0,,,,0,0,,,26,0,,0,,0,0,,0,0,0,0,2,
Liberia,,,46,0,,,,,,,0,,,,,0,,,10,,,,,,,,,1,0,2,1,,,,,,0,,,,,,,,
Libya,,,,,,,,,,,,,,,,0,,,,,,,,,,,,,,,,,,16,,,,,,4,,,,12352,
Lithuania,,,,,,,,,,,,,0,6,,,,,,34,,20,,,,0,0,,,,9,,30,,,,,,5,,,,381,,
Low-income countries,0,20221,21346,182059,255075,75358,99,1403,427,396,209,2039,666,291,904,502,765,3149,7500,330,1189,964,2493,531,761,1346,1926,1605,1788,341,11153,10354,936,853,950,1271,1352,1888,888,1701,1221,711,5131,14002,138
Lower-middle-income countries,7540,8980,3401,5145,6122,18959,4183,6638,9822,5114,47387,150683,6004,16167,6990,9110,6393,10472,33422,13989,5286,24773,5457,33945,63863,80148,7333,10625,143531,4854,228101,5191,5410,17185,3316,15687,3467,4980,3299,4872,5511,6304,6073,7042,279
Luxembourg,,,,0,,,,,,,0,,,0,,0,,,,,,,,170,,,,,,,0,,,,,,,,,0,,0,44,,
Macao,,,,,,,,,,,,,,0,,,,,,,,,,,,,,,,,,,,,,,,10,,,,,,,
Madagascar,,107,92,42,68,,99,,31,88,42,78,43,,212,,9,174,0,,153,,23,105,395,107,4,91,105,27,120,35,112,51,17,121,0,81,94,17,44,3,224,70,22
Malawi,,,0,,,,,0,0,22,0,472,0,0,0,1,,0,4,0,0,59,509,12,,11,9,2,0,4,0,4,0,7,,283,12,0,5,68,1,13,112,1230,6
Malaysia,,,,10,,,11,3,27,,,,,102,,20,320,2,0,1,12,8,15,8,97,10,9,46,0,0,,18,,4,17,25,0,9,2,2,0,69,60,6,
Maldives,,,,,,,,0,,,,0,,,,,,,,,,,,,102,,,0,,,,,,,,,,,,0,,0,,,
Mali,0,0,0,0,0,0,,,17,1,,0,,,,,,,3,2,15,2,2,0,,0,1,18,0,25,0,1,0,37,,5,13,,0,15,0,,10,,
Malta,,,,,,,,,,,,,,,,,,,,,,,,,,,,,,,,,,,,,,,,,,,76,,
Marshall Islands,,,,,,,,,,,,0,,,,,,,,,,,,,,,,,0,,,,,0,0,0,0,,,0,,,0,,0
Martinique,0,,,,,,,,,0,8,,,2,,0,0,,,0,,,,,,,,2,,,,1,,,,,,0,,,,,,,
Mauritania,0,0,0,0,0,0,,,,,,4,,0,,0,,0,0,1,,0,25,9,,0,7,3,,1,0,0,0,8,,,,18,0,3,9,0,14,1,
Mauritius,,,0,1,,,,,,1,,0,,,2,,3,,,0,,,3,,,,,2,,,,,,11,,,,,0,,,,1,1,2
Mexico,171,103,369,325,4,9500,20,18,311,43,463,36,83,103,0,283,16,567,849,724,236,26,103,70,52,88,41,58,36,32,182,125,21,223,22,42,90,498,40,16,82,71,56,115,
Micronesia (country),,,,,,,,5,,,,,,,,,,,0,,,,47,0,1,,,,0,,,,,,,5,0,,,0,,,,0,0
Moldova,,,,,,,,,,,,,,,50,,,9,,0,2,,1,,,0,13,0,3,,1,,10,,,,,,,0,,,,4,
Mongolia,,,0,,,,0,,,,36,6,,7,5,,66,,,,23,16,1,17,,,,,52,26,5,,,,,0,0,17,0,12,10,12,0,9,5
Montenegro,,,,,,,,,,,,,,,,,,,,,,,,,,,,0,,0,0,,1,,,,,0,,,,,50,,
Montserrat,,,,,,,,,,11,0,,,,,0,0,32,,,,,,,,,0,,,,,,,,,,,,,,,,,,
Morocco,,,1,0,0,,,,31,,,,,,,791,39,60,,0,6,15,80,35,628,1,17,,39,29,42,,0,,60,,0,0,0,39,,24,,2946,
Mozambique,0,19989,19989,19989,20098,20052,,50,100,2,,0,0,,240,,11,35,87,23,832,79,12,58,,3,17,61,65,21,5,23,33,119,22,160,63,19,28,681,47,11,168,232,2
Myanmar,,8,11,,,,,,,,,23,5,,17,51,,68,,22,,51,21,,307,17,59,5,138366,24,113,225,40,23,0,213,97,3,67,128,174,0,,205,
Namibia,,,0,0,0,,,,,,,0,0,,,0,0,,0,0,0,0,0,2,0,,5,7,42,92,8,108,0,0,0,0,0,0,0,0,0,0,,0,
Nepal,100,750,92,207,200,46,23,188,912,49,30,57,56,1076,,320,808,20,310,202,144,144,532,256,216,69,157,214,115,136,159,182,83,244,573,9034,174,198,65,147,448,251,196,191,
Netherlands,,,,,0,0,0,,,,20,,0,1,0,1,,2,0,,,,4,965,,0,1000,7,0,,0,,1,2,,,0,,3,400,400,0,473,1,
Netherlands Antilles,,,,,,,,,,11,,,,,,2,,,,,,,,,,,,,,,,,,,,,,,,,,,,,
New Caledonia,,4,,,,,,,,,,,,,,,,,,0,,,,2,,,,,,,,,,,,,,,,,,0,,,
New Zealand,0,0,,0,0,4,1,1,7,0,,0,0,,0,0,1,3,0,0,0,0,0,2,4,0,0,0,,,0,182,3,0,,1,2,0,0,21,0,1,0,15,
Nicaragua,0,,71,,,,,,130,,4,0,180,37,0,38,44,0,3332,11,9,16,2,,29,7,,187,30,0,71,17,9,27,2,2,0,22,4,0,20,,5,,
Niger,0,0,0,0,0,0,,,20,,0,0,,,60,,,0,0,14,2,4,4,7,,0,4,7,7,3,5,16,91,32,36,27,61,72,36,52,83,62,195,41,
Nigeria,,,,0,0,0,,,130,,,,18,,30,,,,15,189,36,200,60,16,94,60,40,91,,31,40,185,378,19,15,53,46,20,300,24,189,4,610,275,1
Niue,,,,,,,,,,,0,,,,,,,,,,,,,,1,,,,,,,,,,,,,,,,,,,,
North America,1815,209,2248,684,552,10510,1398,413,767,363,704,313,407,1139,1582,1293,631,871,20658,1320,497,1508,490,460,6531,3969,427,976,1322,556,223494,1170,560,503,262,813,1020,1138,923,551,874,4274,696,977,94
North Korea,,,,,,,,315,,,,,,6,,68,116,0,50,42,46,124,3,,24,193,278,610,,,20,74,147,51,,33,552,0,234,5,22,0,,,
North Macedonia,,,,,,,,,,,,,,0,,0,,,,,0,15,0,2,15,1,0,1,,,,,1,1,0,7,22,3,,,,1,,,
Northern Mariana Islands,,,,,,,,,,,,,,,,,,,,,,,0,0,3,,,,,,,,,,,0,,,2,,,,,,
Norway,,,,,,,,,,,0,,0,0,,1,,,,,0,0,,,,0,,,0,,,4,,,,,,,,1,10,,30,,
Oceania,18,6,8,157,36,83,138,71,102,43,17,218,6,120,41,9,64,115,2260,66,7,9,91,46,35,27,24,242,25,780,11,213,101,19,201,66,57,12,190,58,113,14,43,35,28
Oman,,26,,,,,,,,,,,,,,,,,,,,,7,30,,,,76,,,16,14,,,,0,2,3,6,6,3,20,,,7
Pakistan,93,394,68,134,43,5,11,,282,20,40,872,1541,682,352,1063,187,362,1026,308,58,291,237,565,29,74162,513,911,249,102,2186,511,671,730,410,1892,409,215,240,361,630,264,1808,380,50
Palau,,,,,,,,,,,,,,,,,,,,,,,,,,,,,,,,,0,0,,0,0,,,,,0,,,
Palestine,,,,,,,,,,,,,,,,,,,,,,,,,,,,,0,,0,,0,6,,4,,,,,3,,4,,
Panama,,,,0,1,,2,,30,,,42,12,,,1,,,3,1,1,0,5,2,16,3,11,2,28,0,15,0,6,0,9,0,7,7,0,0,94,1,0,,
Papua New Guinea,0,0,,66,,0,0,1,76,,0,200,0,68,5,,42,47,2227,2,2,0,41,13,0,2,16,172,10,19,,0,65,0,0,24,0,,181,12,42,,7,8,28
Paraguay,,,0,76,,,,,0,,0,,0,,,0,,33,55,1,11,3,5,,0,0,,8,4,0,12,0,5,0,0,10,4,,0,40,,10,,6,
Peru,77,158,535,623,7,150,118,268,118,38,294,89,0,86,85,20,21,342,521,115,33,186,82,357,105,5,0,677,40,459,556,114,342,69,548,36,7,200,2,78,30,23,13,143,0
Philippines,264,1552,596,158,2679,567,179,1094,842,521,3330,6793,180,671,418,1725,83,67,604,370,747,630,320,260,2008,39,2984,118,959,1307,292,2017,2385,7750,331,201,87,233,313,180,202,572,609,123,150
Poland,0,,0,0,,,,0,,,0,,35,,1,,,105,73,157,84,244,198,47,0,138,55,19,74,227,210,125,274,29,78,78,23,6,9,4,3,4,770,,
Portugal,69,30,,19,,14,15,,,0,,0,,,,,10,58,10,,4,6,1,2710,2,477,41,,2,0,46,,,10,1,1,4,109,2,2,,,2215,0,
Puerto Rico,,26,,,,600,,,,0,,,18,,0,1,18,,0,1,,2,,2,2,,,1,,,,1,0,,1,,,66,0,,5,,25,,
Qatar,,,,,,,,,,,,,,,,,,,,,,,,,,,,,,,,,,,,,,,0,,,,,,
Reunion,35,,,,0,,,10,,10,,,,14,,,,,,,2,,0,,,,,2,,,,,,,1,,,,0,,,,0,0,4
Romania,,,,0,0,,,,,,9,108,,3,2,0,18,32,111,34,29,17,19,3,49,95,145,44,41,65,78,,86,9,17,1,3,9,2,4,3,1,2455,2,
Russia,,,,,,,,,,,,,31,478,111,2379,23,38,94,175,284,798,572,3,36,31,116,2,13,,55844,1,415,4,6,31,0,16,10,59,,14,23,36,
Rwanda,,,,,0,,,,48,237,,,,,,,0,0,,0,0,12,114,0,0,0,24,30,36,,21,14,5,,,2,117,3,76,28,111,0,29,131,
Saint Barthelemy,,,,,,,,,,,,,,,,,,,,,,,,,,,,,,,,,,,,,,4,,,,,,,
Saint Helena,,,,,,,,,,,,,,,,,,,,,,0,,,,,,,,,,,,,,,,,,,,,,,
Saint Kitts and Nevis,,,,,0,,,0,,1,0,,,,,0,,,5,0,,,,,,,,,0,,,,,,,,,0,,,,,,,
Saint Lucia,9,,,0,,,0,0,0,,,,,,4,,0,,,0,,,,,0,,,1,,,14,,,6,,,0,,,,,1,0,,
Saint Martin (French part),,,,,,,,,,,,,,,,,,,,,,,,,,,,,,,,,,,,,,12,,,,,,,
Saint Vincent and the Grenadines,0,,,,,,0,0,,,,,3,,,,,,,0,,,4,,0,0,,,,,0,0,,12,,,1,,,,,0,,0,
Samoa,,,,0,,,,,,0,8,13,,,,,,,,,,0,,,1,9,,,,148,,,12,,,0,,,0,,,,,,
Sao Tome and Principe,,,,0,0,0,,,,,,,,,,,,,,,,,,,,,,,,,,,,,,,,,,,,8,,,
Saudi Arabia,,,0,,,32,,,,,,,,,,,,,,,,,19,12,5,63,,,,161,24,11,19,39,,23,24,4,,20,3,,,,
Senegal,0,,0,0,0,0,,,0,,,,,0,0,,,,0,187,0,,28,8,2,0,,8,1,6,2,0,19,8,0,0,5,,0,6,11,0,0,,
Serbia,,,,,,,,,,,,,,,,,,,,,,,,,,,,0,,0,9,,25,0,56,,0,6,0,0,0,0,574,3,
Serbia and Montenegro,,,,,,,,,,,,,1,,,,,,,11,3,,1,,,2,3,,,,,,,,,,,,,,,,,,
Seychelles,,,,,,,,,,,,,,,,,,5,,,,,0,,3,,,,,,,,,0,0,,,,,,,,,,
Sierra Leone,,,,,60,,,,,,,,,,,,12,,,13,,,,,10,20,,0,,103,16,21,,0,,10,,1102,,7,,,12,15,
Sint Maarten (Dutch part),,,,,,,,,,,,,,,,,,,,,,,,,,,,,,,,,,,,,,4,,,,,,,
Slovakia,,,,,,,,,,,,,,,,,,0,54,2,6,1,0,0,3,1,1,1,,,66,60,5,1,,,,0,,1,1,1,365,0,
Slovenia,,,,,,,,,,,,,,,,,,,0,,,,,289,1,0,,6,,,,,0,,4,,,,,,1,0,154,1,
Solomon Islands,,,0,,,0,101,,1,,,,0,4,,,,0,0,,,,0,0,,,,52,,21,2,0,0,10,47,9,0,,0,,48,,,0,
Somalia,0,5,,0,,,,600,0,34,,,,,130,20,3,2311,,,10,11,0,1,298,14,102,25,0,0,10011,10000,31,169,0,0,9,0,58,23,41,25,0,165,
South Africa,0,104,0,10,64,,0,506,25,,12,5,0,19,2,161,144,15,43,57,94,50,42,1,0,2,12,48,50,33,23,63,13,3,33,0,24,32,0,102,13,58,579,71,54
South America,248,500,756,1879,437,22334,500,6477,1098,413,353,381,268,946,466,441,291,791,980,31433,473,535,545,762,461,444,237,1070,509,643,2265,1559,525,370,865,452,763,641,60,370,298,241,996,567,498
South Korea,165,113,68,,213,57,33,669,25,109,194,126,5,43,28,73,104,15,503,68,55,81,225,130,24,29,46,23,10,,12,121,22,,41,,15,0,0,21,81,0,28,61,
South Sudan,,,,,,,,,,,,,,,,,,,,,,,,,,,,,17,0,0,,47,99,,,0,,,53,0,7,0,,
Spain,0,0,77,45,26,40,,5,,45,9,0,0,0,42,30,85,26,0,6,38,17,22,15095,42,31,33,6,,20,5,11,14,0,3,8,5,4,24,27,17,9,11324,4,3
Sri Lanka,0,7,54,3,51,0,43,0,0,325,33,27,15,73,0,3,0,10,1,8,10,0,2,235,35405,6,25,33,57,3,35,87,53,117,330,16,203,329,34,30,10,35,15,9,2
Sudan,0,,,41003,54423,54574,,0,96,,0,0,0,24,8,,152,8,150,38,0,3,33,20,,5,27,150,,20,36,20,35,76,39,36,171,25,46,78,155,52,146,,
Suriname,,,,,,,,,,,,,,,,,,,,,,,,,,,3,,2,,,,,,,,,,,,,0,0,,
Sweden,,,,,,11,,,,,0,,,,,,,,,3,,,1,,,7,,,,,,,,7,,,,,0,,1,0,40,,
Switzerland,,,0,0,0,0,0,1,0,,5,,,2,0,,,0,0,45,16,0,5,1039,,6,1,1,,0,0,0,11,0,2,,,8,0,4,0,17,302,4,6
Syria,,,,,,,,,,,,,,,,,,,,0,0,27,80,,5,,6,,0,0,0,,,,,13,,,,2,3,1,2,5900,0
Taiwan,,26,,82,31,,92,61,,13,5,33,8,,45,,65,54,16,2265,103,195,12,3,79,33,8,18,54,630,34,,20,10,0,9,212,6,91,2,1,18,1,3,61
Tajikistan,,,,,,,,,,,,,1601,5,0,,0,40,62,27,0,1,35,7,0,24,25,49,0,21,75,0,3,0,20,12,4,13,6,4,2,24,,21,
Tanzania,,,0,,0,,0,,0,10,189,0,0,54,35,3,0,83,61,0,37,18,11,0,10,3,0,,73,27,11,37,10,,31,59,33,7,15,47,43,1,10,140,22
Thailand,57,55,,50,17,18,42,24,664,458,36,55,6,45,130,258,100,212,,22,109,189,190,9,8375,73,293,53,39,15,258,874,22,84,93,3,35,150,,26,44,16,21,6,0
Togo,,,,0,,,,,,0,,,,,0,3,,,0,0,,,,,,,0,41,6,0,22,,,,,,,0,,,11,,0,,
Tokelau,,,,,,,,0,,,0,,,,,,,,,,,,,,,0,,,,,,,,,,,,,,,,,,,
Tonga,,,7,,,,,,,,1,,,,,,,0,0,,,0,,,0,,,,,9,,0,,,1,0,0,,0,,0,,4,,
Trinidad and Tobago,,,,,,,,,,,0,,,5,,,0,0,,,,,,,3,0,,,,,0,,,,,,,,0,,,,0,,
Tunisia,,,117,,,,23,,0,,37,,,,,,,,,,,,,12,,,,16,,17,,,,,,,,0,13,,6,3,1,,
Turkey,115,10,,1346,6,13,15,30,77,,69,43,914,135,30,231,0,,239,17982,16,50,86,186,85,28,74,19,2,62,64,655,13,7,0,17,,0,24,19,233,82,5,50840,10
Turkmenistan,,,,,,,,,,,,,,0,,,,,,,11,,,,,,,,,,,,,,,,,,,,,,,,
Turks and Caicos Islands,,,,,,0,,,,,0,,,,,,,,,,,,,,0,,,,4,,,,,,,,,0,,,,,,,
Tuvalu,,,,,0,,,0,,,0,,,0,,,,,,,,,,,,,,,,,,0,,,,0,,,,,0,0,,,
USSR,,0,0,0,400,29,3,188,25000,389,67,367,,,,,,,,,,,,,,,,,,,,,,,,,,,,,,,,,
Uganda,0,,,,,,,0,0,,0,,,,7,,,120,0,19,47,61,96,25,0,0,3,33,49,0,388,50,18,13,,,19,17,51,215,35,5,2541,23,
Ukraine,,,,,,,,,,,,,0,9,,0,0,11,18,,10,9,,0,,0,803,0,38,32,6,,195,2,,,40,37,0,,19,1,,12,
United Arab Emirates,,,,,,,,,,,,,,,,,,,,,,,,,,,,,,,,,,,,,,0,,,,,,,0
United Kingdom,,12,,5,22,,0,20,,13,83,48,,4,7,9,5,15,40,11,16,0,15,301,0,11,,27,8,8,0,,8,771,7,3,,0,0,167,2558,1,3475,0,
United States,1398,60,514,332,545,375,62,239,27,259,211,125,105,442,275,871,349,263,366,485,162,153,230,231,219,1967,344,333,303,145,134,813,318,212,205,319,276,319,309,152,253,785,492,556,94
United States Virgin Islands,,,,,,,,,,0,,,,,,7,,,0,3,,,,,0,,,,,,,,,,,,,7,,,,,,,
Upper-middle-income countries,7379,4334,3451,4379,1205,33617,2654,8494,31613,4618,2561,5431,5348,3567,4632,6605,6862,4155,7875,52272,2501,4380,3260,2612,176794,4571,10336,3262,89384,3334,66902,4374,2087,2238,2828,1431,2557,2108,6282,1588,1629,1505,4705,64669,245
Uruguay,,,,,,,0,,,,,0,0,0,,,,1,1,1,7,0,2,0,0,7,,2,,1,4,,,,,2,8,0,0,0,0,0,0,2,0
Uzbekistan,,,,,,,,,,,,,10,,,,,,,24,0,0,,,,0,,,,,,13,,,,,,,,,4,8,5,,
Vanuatu,,0,,,,9,,48,1,,0,,2,4,0,,,0,0,44,,2,0,,2,0,0,,0,0,,0,,,12,11,,0,0,,3,0,,0,
Venezuela,0,20,,,,38,3,136,77,0,,,,100,44,,0,83,,30005,15,,4,1,40,97,0,,8,0,49,17,0,,,0,0,,2,6,3,46,142,12,
Vietnam,402,,70,734,188,891,600,123,157,959,184,492,287,270,361,269,1011,3692,413,799,592,392,147,128,189,308,579,326,407,360,221,138,72,215,38,52,162,284,134,59,310,35,60,30,
Wallis and Futuna,,,,,,,1,,,,,,,5,,,,,,,,,,,,,,,,,,,0,,,,,,,,,,,,
West Germany,,,,0,3,0,,,6,,,5,,,,,,,,,,,,,,,,,,,,,,,,,,,,,,,,,
World,21313,34082,31593,192666,263563,129718,7303,18932,42069,10789,50963,158987,12280,21170,13085,22676,14751,18732,50368,70261,9727,31039,12157,109915,242186,89215,23865,16839,235369,10813,307735,41323,9608,21847,7975,22879,8395,9761,11665,11923,15632,10525,76100,86517,1520
Yemen,,,,,,,,,,,,10,,31,,,345,,70,0,,63,53,15,,87,30,99,90,11,22,,,40,,26,40,50,49,26,202,46,90,255,
Yemen Arab Republic,,,1507,,,,,,,38,,,,,,,,,,,,,,,,,,,,,,,,,,,,,,,,,,,
Yemen People's Republic,,0,482,,,,,,,25,,,,,,,,,,,,,,,,,,,,,,,,,,,,,,,,,,,
Yugoslavia,0,70,,12,,0,0,,38,,0,,,,,,,,,,,,,,,,,,,,,,,,,,,,,,,,,,
Zambia,,,0,0,,,,,,0,,0,0,,,0,,,0,,0,5,,4,2,0,,4,14,31,9,0,,0,0,,,,,4,3,0,3,0,0
Zimbabwe,,,0,0,0,,,,,,,0,0,0,0,0,,,36,,70,13,0,10,,,,23,4,0,0,0,0,125,8,16,31,251,0,654,0,3,0,2,