ID,Country Name,Country Code,1960,1961,1962,1963,1964,1965,1966,1967,1968,1969,1970,1971,1972,1973,1974,1975,1976,1977,1978,1979,1980,1981,1982,1983,1984,1985,1986,1987,1988,1989,1990,1991,1992,1993,1994,1995,1996,1997,1998,1999,2000,2001,2002,2003,2004,2005,2006,2007,2008,2009,2010,2011,2012,2013,2014,2015,2016,2017,2018,2019,2020,2021,2022,2023
1,Afghanistan,AFG,,,,,,,,,,,,,,,,,,,,,,,,,,,,,,,,,,,,,,,,,,,,,,,,,,,,31,,,,33.75384,,,,,,37,,
1,Albania,ALB,,,,,,,,,,,,,,,,,,,,,,,,,,,,,,,,,,,,,,,,,,,,,,,,,96,,,97,97,,,97.5539,,98.81623,,,,,98.5,
1,Algeria,DZA,,,,,,,,,,,,,,,,,,,,,,,,,,,,,,,,,,,,,,,,,,,70,,,,73,,75,,,,,,,79.6084,,,81.40784,,,,,
1,American Samoa,ASM,,,,,,,,,,,,,,,,,,,,,,,,,,,,,,,,,,,,,,,,,,,,,,,,,,,,,,,,,,,,,,,,
1,Andorra,AND,,,,,,,,,,,,,,,,,,,,,,,,,,,,,,,,,,,,,,,,,,,,,,,,,,,,,,,,,,,,,,,,
1,Angola,AGO,,,,,,,,,,,,,,,,,,,,,,,,,,,,,,,,,,,,,,,,,,,,,,,,,,,,,,,66,66.23586,,,,,,,72.4,
1,Anguilla,AIA,,,,,,,,,,,,,,,,,,,,,,,,,,,,,,,,,,,,,,,,,,,,,,,,,,,,,,,,,,,,,,,,
1,Antigua and Barbuda,ATG,,,,,,,,,,,,,,,,,,,,,,,,,,,,,,,,,,,,,,,,,,,,,,,,,,,,,,,98.95,,,,,,,,,
1,Arab World,,,,,,,,,,,,,,,,,,,,,,,,,,,,,,,,,,,,,,,,,,66.006065,,,,,,,,,,77.364586,,,,,,,,,,,,,
1,Arab World (WB),,,,,,,,,,,,,,,,,,,,,46.95947,47.53026,48.10424,48.78092,48.89918,49.7141,50.512,51.31388,52.09723,52.97973,53.85493,54.79577,55.80375,56.89017,57.67679,58.62235,59.60629,60.7434,61.85475,63.05042,64.12462,65.13143,66.26095,67.29463,70.01904,70.86917,71.40385,69.195,70.04465,71.01018,69.74596,70.43971,72.20359,73.06837,73.81129,74.31661,75.02054,73.71796,74.21221,74.55412,74.80752,75.12146,75.53957,75.81846,76.15426
1,Argentina,ARG,,,,,,,,,,,93,,,,,,,,,94.2,94,,,,,,,,,,,96,,,,,,,,,,97,,,,,,,,,,,,,98.03402,98.08997,,,,,,,,
1,Armenia,ARM,,,,,,,,,,,,,,,,,,,,,,,,,,,,,,,,,,,,,,,,,,99,,,,,,,,,,100,,,,99.76842,100,100,,,100,,,
1,Aruba,ABW,,,,,,,,,,,,,,,,,,,,,,,,,,,,,,,,,,,,,,,,,,,,,,,,,,,97,,,,,97.5242,,,,,97.99,,,
1,Australia,AUS,,,,,,,,,,,,,,,,,,,,,,,,,,,,,,,,,,,,,,,,,,,,,,,,,,,,,,,,,,,,,,,,
1,Austria,AUT,,,,,,,,,,,,,,,,,,,,,,,,,,,,,,,,,,,,,,,,,,,,,,,,,,,,,,,,,,,,,,,,
1,Azerbaijan,AZE,,,,,,,,,,,,,,,,,,,,,,,,,,,,,,,,,,,,,,,,,,,,,,,,100,,100,100,100,100,100,100,100,100,100,,100,,,,100
1,Bahamas,BHS,,,,,,,,,,,,,,,,,,,,,,,,,,,,,,,,,,,,,,,,,,,,,,,,,,,,,,,,,,,,,,,,
1,Bahrain,BHR,,,,,,,,,,,,,,,,,,,,,,,,,,,,,,,,84,,,,,,,,,,87,,,,,,,,,94.55679,92.3,,,,95.71726,,,,,,,98,98
1,Bangladesh,BGD,,,,,,,,,,,,,,,,,,,,,,,,,,,,,,,,35,,,,,,,,,,47,,,,,,46.6636,,,,59,58,61,61,65,73,73,74,75,75,76,,
1,Barbados,BRB,,,,,,,,,,,,,,,,,,,,,99.5,,,,,,,,,,,,,,,,,,,,,,99.7,,,,,,,,,,,,,,,,,,,,,
1,Belarus,BLR,,,,,,,,,,,,,,,,,,,,,,,,,,,,,,,,,,,,,,,,100,,,,,,,,,,100,,,,,,99.72204,,,,100,,,,
1,Belgium,BEL,,,,,,,,,,,,,,,,,,,,,,,,,,,,,,,,,,,,,,,,,,,,,,,,,,,,,,,,,,,,,,,,
1,Belize,BLZ,,,,,,,,,,,,,,,,,,,,,,,,,,,,,,,,,,,,,,,,,,80.9,,,,,,,,,,,,,,90.91604,,,,,,,,
1,Benin,BEN,,,,,,,,,,,,,,,,,,,,,,,,,,,,,,,,,27,,,,,,,,,,35,,,,28.70211,,,,,,32.94882,,,38.44714,,38.87121,,,,43.83417,47.1,
1,Bermuda,BMU,,,,,,,,,,,,,,,,,,,,,,,,,,,,,,,,,,,,,,,,,,,,,,,,,,,,,,,,,,,,,,,,
1,Bhutan,BTN,,,,,,,,,,,,,,,,,,,,,,,,,,,,,,,,,,,,,,,,,,,,,,,,,,,,,55,,,63.90682,,67,,,,,72.1,
1,Bolivia,BOL,,,,,,,,,,,58,59,60,61,62,63,63,,,,,,,,,,,,,,,,80,,,,,,,,,87,,,,,,91,91,91,,92,94,,,92,,,,,94,,,
1,Bosnia and Herzegovina,BIH,,,,,,,,,,,,,,,,,,,,,,,,,,,,,,,,,,,,,,,,,97,,,,,,,,,,,98.14204,,97,98.37765,98.48576,,,,,,,98.3,
1,Botswana,BWA,,,,,,,,,,,,,,,,,,,,,,,,,,,,,,,,,,,,,,,,,,,,81,,,,,,,,,,86.82318,87.70751,88.22441,,,,,,,,
1,Brazil,BRA,,,,,,,,,,,68,,,,,,,,,75,75,,,,,,,,,,,,,,,,,,,,86,,,,89,,90,90,90,90,90,91,91,91,92,92,93,93,93,,,,94.69,
1,British Virgin Islands,VGB,,,,,,,,,,,,,,,,,,,,,,,,,,,,,,,,,,,,,,,,,,,,,,,,,,,,,,,,,,,,,,,,
1,Brunei,BRN,,,,,,,,,,,,,,,,,,,,,,,,,,,,,,,,88,,,,,,,,,,93,,,,,,,,,,96,,,,96.65653,,,,,,97.59,,
1,Bulgaria,BGR,,,,,,,,,,,,,,,,,,,,,,,,,,,,,,,,,,,,,,,,,,,,,,,,,,,,98,,,,98.38858,,,,,,98.42,,
1,Burkina Faso,BFA,,,,,,,,,,,,,,,,,,,,,,,,,,,,,,,,14,,,,,13,,,,,,,22,,24,22,28,,,,,,,35,37.7467,,,39,30,,36.96738,34.49,
1,Burundi,BDI,,,,,,,,,,,,,,,,,,,,,,,,,,,,,,,37,,,,,,,,,,59,,,,,,,,48,,,,,,62,85.49609,65.68774,68,,,,,75.54,
1,Cambodia,KHM,,,,,,,,,,,,,,,,,,,,,,,,,,,,,,,,,,,,,,,,,,,,,74,,,,77,76,,,,,78,81,,,,,,71.92725,83.78,
1,Cameroon,CMR,,,,,,,,,,,,,,,,,,,,,,,,,,,,,,,,,,,,,,,,,68,,,,,,,71,,,71,,,,,74.98558,,,72.54713,,78.23,,,
1,Canada,CAN,,,,,,,,,,,,,,,,,,,,,,,,,,,,,,,,,,,,,,,,,,,,,,,,,,,,,,,,,,,,,,,,
1,Cape Verde,CPV,,,,,,,,,,,,,,,,,,,,,,,,,,,,,,,,,,,,,,,,,76.11044,,,,80.01972,,,,,,,,85,,,87,,,,,,,91,
1,Caribbean small states,,,,,,,,,,,,,,,,,,,,,,,,,,,,,,,,,,,,,,,,,,,,,,,,,,,,91.76071,,,,,,,,,,,,,
1,Cayman Islands,CYM,,,,,,,,,,,,,,,,,,,,,,,,,,,,,,,,,,,,,,,,,,,,,,,,,,,,,,,,,,99,,,,,,
1,Central African Republic,CAF,,,,,,,,,,,,,,,,,,,,,,,,,,,,,34,,,,,,,,,,,,51,,,,,,,,,,36.75261,,,,,36.75261,,,37,42.44279,37.49,,,
1,Central Europe and the Baltics,,,,,,,,,,,,,,,,,,,,,,,,,,,,,,,,,,,,,,,,,,98.96019,,,,,,,,,,99.36096,,,,,,,,,,,,,
1,Central Europe and the Baltics (WB),,,,,,,,,,,,,,,,,,,,,,,,,97.999,98.03503,98.06441,98.09401,98.12998,98.21186,98.2756,98.34003,98.40038,98.45833,98.509,98.55935,98.60749,,,,,,,,,,,,,,,,,,99.2969,99.3146,99.33225,99.35021,99.37021,99.41868,99.43812,99.4566,99.47559,99.48735,
1,Chad,TCD,,,,,,,,,,,,,,,,,,,,,,,,,,,,,,,,,,,,,,,,,26,,,,28,,,,,,,,,,39.04967,26.00299,22,,,30.62792,,,27.28,
1,Chile,CHL,,,,,,,,,,,88,,,,,,,,,91,92,,91,,,,,,,,,,94,,,,,,,,,,96,,,,,,98.64901,98.55368,,97,,96,,97,,96,,,,,97.16,
1,China,CHN,,,,,,,,,,,,,,,,,,,,,,,,,,,,,,,78,,,,,,,,,,91,,,,,,,,,,95,,,,,96.35745,,,,,97,,,
1,Colombia,COL,,,,,,,,,,,78,79,79,80,81,81,82,82,83,84,84,85,,,,,,,,,,,,91,,,91,,,,,,,,93,93,92,93,93,93,93,94,,,94,94,95,,95,95,96,,,
1,Comoros,COM,,,,,,,,,,,,,,,,,,,,,,,,,,,,,,,,,,,,,,,,,68,,,,,,,,,,,,49.19614,,77.57327,78.13739,,,,,,,61.71,
1,Congo,COG,,,,,,,,,,,,,,,,,,,,,,,,,,,,,,,,,,,,,,,,,,,,,,76,,,,,,79.31117,,,,79.31117,,,,,,80.61,,
1,Cook Islands,COK,,,,,,,,,,,,,,,,,,,,,,,,,,,,,,,,,,,,,,,,,,,,,,,,,,,,,,,,,,,,,,,,
1,Costa Rica,CRI,,,,,,,,,,,88,89,89,89,90,90,90,91,91,91,92,92,92,92,93,,,,,,,,,,,,,,,,95,,,,,,,,,,,97,,,,97.64725,,,,,,98.04,,
1,Cote d'Ivoire,CIV,,,,,,,,,,,,,,,,,,,,,,,,,,,,,,,,,,,,,,,36,,49,,,,,,,,,,,,40.98163,,44,43.26532,50.03968,,,90,,50.00064,,
1,Croatia,HRV,,,,,,,,,,,,,,,,,,,,,,,,,,,,,,,,,,,,,,,,,,98,,,,,,,,,,99.12536,,,,99.27259,,,,,,99.45,,
1,Cuba,CUB,,,,,,,,,,,89,90,90,90,91,91,91,92,92,92,93,98,,,,,,,,,,,,,,,,,,,,,100,,,,,,,,,,100,,,99.71072,,,,97.65491,,99.67311,,
1,Cyprus,CYP,,,,,,,,,,,,,,,,,,,,,,,,,,,,,,,,,,,,,,,,,,97,,,,,,,,,,99,,,,99.05978,,,,,,99.36,,
1,Czechia,CZE,,,,,,,,,,,,,,,,,,,,,,,,,,,,,,,,,,,,,,,,,,,,,,,,,,,,,,,,,,,,,,,,
1,Democratic Republic of Congo,COD,,,,,,,,,,,,,,,,,,,,,,,,,,,,,,,,,,,,,,,,,,,,,,,,61.20555,,,,,75,,,77.22167,77,,73.55303,,,,80.54,
1,Denmark,DNK,,,,,,,,,,,,,,,,,,,,,,,,,,,,,,,,,,,,,,,,,,,,,,,,,,,,,,,,,,,,,,,,
1,Djibouti,DJI,,,,,,,,,,,,,,,,,,,,,,,,,,,,,,,,,,,,,,,,,,,,,,,,,,,,,,,,,,,,,,,,
1,Dominica,DMA,,,,,,,,,,,,,,,,,,,,,,,,,,,,,,,,,,,,,,,,,,,,,,,,,,,,,,,,,,,,,,,,
1,Dominican Republic,DOM,,,,,,,,,,,67,68,68,69,70,70,71,72,73,73,74,73,,,,,,,,,,,,,,,,,,,,,87,,,,,88,,,90,90,90,91,92,92,94,,,,,,95.5,
1,Early-demographic dividend,,,,,,,,,,,,,,,,,,,,,,,,,,,,,,,,,,,,,,,,,,69.11661,,,,,,,,,,76.50836,,,,,,,,,,,,,
1,East Asia & Pacific,,,,,,,,,,,,,,,,,,,,,,,,,,,,,,,,,,,,,,,,,,91.61869,,,,,,,,,,95.10822,,,,,,,,,,,,,
1,East Asia & Pacific (IDA & IBRD),,,,,,,,,,,,,,,,,,,,,,,,,,,,,,,,,,,,,,,,,,90.649956,,,,,,,,,,94.68925,,,,,,,,,,,,,
1,East Asia & Pacific (excluding high income),,,,,,,,,,,,,,,,,,,,,,,,,,,,,,,,,,,,,,,,,,90.77303,,,,,,,,,,94.75167,,,,,,,,,,,,,
1,East Asia and the Pacific (WB),,,,,,,,,,,,,,,,,,,65.87666,66.96806,68.20414,69.30146,70.34557,71.3144,72.2447,73.23163,74.16798,75.00072,76.17425,79.95977,80.58923,81.17076,81.71117,82.22357,82.68984,83.24469,83.8043,84.29005,89.27749,89.64291,89.96028,90.32185,90.63564,90.98982,91.36144,91.69448,92.02961,92.37919,93.5125,93.81618,94.08518,94.20017,93.8646,94.09502,94.20693,94.71124,94.92792,95.13196,95.32305,95.36943,95.80688,96.0287,96.16493,96.30093,96.43049
1,East Timor,TLS,,,,,,,,,,,,,,,,,,,,,,,,,,,,,,,,,,,,,,,,,,,,,,,,51,,,58,,,,,64.06614,65.77913,,,,69.9,,,
1,Ecuador,ECU,,,,,,,,,,,74,75,76,77,77,78,79,80,80,81,82,82,84,,,,,,,,88,,,,,,,,,,,91,,,,,,92,92,92,92,92,92,93,94,94,94,93,,,94,94,94,
1,Egypt,EGY,,,,,,,,,,,,,,,,,,,,,,,,,,,44,,,,,,,,,,56,,,,,,,,,67,66,,,,72,,74,72,,75.84262,,71,,,,,74.5,
1,El Salvador,SLV,,,,,,,,,,,58,59,60,61,61,62,,,,,,,,,,,,,,,,,74,,,,,,,,,,,,80.77836,,84,82,84,84,84,85,,87,,88,88,88,89,89,90,,,90
1,Equatorial Guinea,GNQ,,,,,,,,,,,,,,,,,,,,,,,,,,,,,,,,,,,,,,,,,,,,,,,,,,,94.37054,,,,94.95674,95.19566,,,,,,,,
1,Eritrea,ERI,,,,,,,,,,,,,,,,,,,,,,,,,,,,,,,,,,,,,,,,,,,,,,,,,65,,,,,,72.79049,73.84525,,,76.57052,,,,,
1,Estonia,EST,,,,,,,,,,,,,,,,,,,,,,,,,,,,,,,,,,,,,,,,,100,,,,,,,,,,,100,,,,99.82351,,,,,,99.87,,
1,Eswatini,SWZ,,,,,,,,,,,,,,,,,,,,,,,,,,,67,,,,,,,,,,,,,,82,,,,,,,,,,83.09829,,,,,87.47019,,,,,89.28,,90.74702,
1,Ethiopia,ETH,,,,,,,,,,,,,,,,,,,,,,,,,,,,,,,,,,,,,,,,,,,,,35.9,29.82034,,39,,,,,,,,49.03152,47.49159,51.77118,,,,,,
1,Europe & Central Asia,,,,,,,,,,,,,,,,,,,,,,,,,,,,,,,,,,,,,,,,,,98.14584,,,,,,,,,,98.99759,,,,,,,,,,,,,
1,Europe & Central Asia (IDA & IBRD),,,,,,,,,,,,,,,,,,,,,,,,,,,,,,,,,,,,,,,,,,97.452644,,,,,,,,,,98.89095,,,,,,,,,,,,,
1,Europe & Central Asia (excluding high income),,,,,,,,,,,,,,,,,,,,,,,,,,,,,,,,,,,,,,,,,,97.21841,,,,,,,,,,98.79964,,,,,,,,,,,,,
1,Europe and Central Asia (WB),,,,,,,,,,,,,,,,,,,,,,,,,,,,,,,,,,,,,96.06758,96.22135,96.3414,96.48624,96.59245,96.65252,96.7528,96.91116,97.00517,97.09123,97.21017,97.27016,97.35178,97.47324,97.73077,97.89465,98.03516,98.13266,98.19623,98.23871,98.28185,98.33891,98.41798,98.50179,98.56401,98.60383,98.64628,98.66442,98.68871
1,Fiji,FJI,,,,,,,,,,,,,,,,,,,,,,,,,,,,,,,,,,,,,,,,,,,,,,,,,,,,,,,,,,,,,,,,
1,Finland,FIN,,,,,,,,,,,,,,,,,,,,,,,,,,,,,,,,,,,,,,,,,,,,,,,,,,,,,,,,,,,,,,,,
1,Fragile and conflict affected situations,,,,,,,,,,,,,,,,,,,,,,,,,,,,,,,,,,,,,,,,,,,,,,,,,,,,68.33667,,,,,,,,,,,,,
1,France,FRA,,,,,,,,,,,,,,,,,,,,,,,,,,,,,,,,,,,,,,,,,,,,,,,,,,,,,,,,,,,,,,,,
1,French Polynesia,PYF,,,,,,,,,,,,,,,,,,,,,,,,,,,,,,,,,,,,,,,,,,,,,,,,,,,,,,,,,,,,,,,,
1,Gabon,GAB,,,,,,,,,,,,,,,,,,,,,,,,,,,,,,,,,,,,,,,,,,,,,81.84552,,,,,,,,82.2838,,,83.23788,,,,,,88.85834,85.69,
1,Gambia,GMB,,,,,,,,,,,,,,,,,,,,,,,,,,,,,,,,,,,,,,,,,,,,,,,,,,,,,,41.95005,54.38756,51,,,53.1602,,,51.6374,58.67,
1,Georgia,GEO,,,,,,,,,,,,,,,,,,,,,,,,,,,,,,,,,,,,,,,,,,,,,,,,,,,,,,,100,99.75962,,99,99.65366,,,,100,
1,Germany,DEU,,,,,,,,,,,,,,,,,,,,,,,,,,,,,,,,,,,,,,,,,,,,,,,,,,,,,,,,,,,,,,,,
1,Ghana,GHA,,,,,,,,,,,,,,,,,,,,,,,,,,,,,,,,,,,,,,,,,,,,,,,,,,,71,,,,,76.5759,,64.49239,,,80.38,,,
1,Gibraltar,GIB,,,,,,,,,,,,,,,,,,,,,,,,,,,,,,,,,,,,,,,,,,,,,,,,,,,,,,,,,,,,,,,,
1,Greece,GRC,,,,,,,,,,,,,,,,,,,,,,,,,,,,,,,,93,,,,,,,,,,96,,,,,,,,94,,,,,97.53238,95.29287,,,,,,,,
1,Greenland,GRL,,,,,,,,,,,,,,,,,,,,,,,,,,,,,,,,,,,,,,,,,,,,,,,,,,,,,,,,,,,,,,,,
1,Grenada,GRD,,,,,,,,,,,,,,,,,,,,,98.4,,,,,,,,,,,,,,,,,,,,,,,96,,,,,,,,,,,,,,,,,,,,
1,Guam,GUM,,,,,,,,,,,,,,,,,,,,,,,,,,,,,,,99,,,,,,,,,,99.56,,,,,,,,,,,,,,,99.78904,,,,,,,,
1,Guatemala,GTM,,,,,,,,,,,45,46,47,48,48,49,50,51,52,52,,,,,,,,,,,,,,,64,,,,,,,,69,,,,,,,,,,78,77,81,80.19509,,,81,,,,83.03117,
1,Guinea,GIN,,,,,,,,,,,,,,,,,,,,,,,,,,,,,,,,,,,,,,,,,,,,30,,,,,,,25,,,,32,30.47279,,,40,,,45.33,,
1,Guinea-Bissau,GNB,,,,,,,,,,,,,,,,,,,,,,,,,,,,,,,,,,,,,,,,,41,,,,,,,,,,,,,,45.58116,59.77285,,,,54.88232,,,53.9,
1,Guyana,GUY,,,,,,,,,,,,,,,,,,,,,,,,,,,,,,,,,,,,,,,,,,,,,,,,,,,,,,,85.63973,87.53532,,,,,85.63835,,90.03,
1,Haiti,HTI,,,,,,,,,,,22,23,24,25,25,26,27,28,29,30,31,31,35,,,,,,,,,,,,,,,,,,,,,59,,,48.68502,,,,,,,,,60.68935,61.69135,68.00986,,,,,,
1,Heavily indebted poor countries (HIPC),,,,,,,,,,,,,,,,,,,,,,,,,,,,,,,,,,,,,,,,,,52.221073,,,,,,,,,,57.837166,,,,,,,,,,,,,
1,Honduras,HND,,,,,,,,,,,53,54,55,56,57,58,58,59,60,61,61,62,63,64,64,65,66,66,67,68,,,,,,,,,,,,80,,,,,,84,,,85,85,85,85,87,88,89,,87,89,,,,
1,Hong Kong,HKG,,,,,,,,,,,,,,,,,,,,,,,,,,,,,,,,,,,,,,,,,,,,,,,,,,,,,,,,,,,,,,,,
1,Hungary,HUN,,,,,,,,,,,,,,,,,,,,,,,,,,,,,,,99.1,,,,98.98207,,,,,,,,,,99.02922,,,,,,,,,,99.05012,99.38088,,,,,,99.1,,
1,IBRD only,,,,,,,,,,,,,,,,,,,,,,,,,,,,,,,,,,,,,,,,,,82.563576,,,,,,,,,,87.32906,,,,,,,,,,,,,
1,IDA & IBRD total,,,,,,,,,,,,,,,,,,,,,,,,,,,,,,,,,,,,,,,,,,77.90584,,,,,,,,,,82.39069,,,,,,,,,,,,,
1,IDA blend,,,,,,,,,,,,,,,,,,,,,,,,,,,,,,,,,,,,,,,,,,,,,,,,,,,,69.031975,,,,,,,,,,,,,
1,IDA only,,,,,,,,,,,,,,,,,,,,,,,,,,,,,,,,,,,,,,,,,,55.4478,,,,,,,,,,61.650894,,,,,,,,,,,,,
1,IDA total,,,,,,,,,,,,,,,,,,,,,,,,,,,,,,,,,,,,,,,,,,59.467594,,,,,,,,,,64.43312,,,,,,,,,,,,,
1,Iceland,ISL,,,,,,,,,,,,,,,,,,,,,,,,,,,,,,,,,,,,,,,,,,,,,,,,,,,,,,,,,,,,,,,,
1,India,IND,,,,,,,,,,,,,,,,,,,,,,,,,,,,,,,,48,,,,,,,,,,61,,,,,63,,,,,69,,,,72.2253,,,,,,,76,77
1,Indonesia,IDN,,,,,,,,,,,,,,,,,,,,,,,,,,,,,,,82,,,,,,,,,,,,,,90,,92,,92,93,,93,,,95,95,95,,96,,96,,,
1,Iran,IRN,,,,,,,,,,,,,,,,,,,,,,,,,,,52,,,,,66,,,,,73,,,,,,77,,,82,82,,83,,,,84,85,85,87.17253,86,,,,,,88.96,
1,Iraq,IRQ,,,,,,,,,,,,,,,,,,,,,,,,,,,,,,,,,,,,,,,,,,,,,,,,,,,,,77,,82,79.72176,83,86,,,,,,
1,Ireland,IRL,,,,,,,,,,,,,,,,,,,,,,,,,,,,,,,,,,,,,,,,,,,,,,,,,,,,,,,,,,,,,,,,
1,Israel,ISR,,,,,,,,,,,,,,,,,,,,,,,,,,,,,,,,,,,,,,,,,,,,,97.1,,,,,,,,,,,,,,,,,,,
1,Italy,ITA,,,,,,,,,,,,,,,,,,,,,,,,,,,,,,,,,,,,,,,,,,98,,,,,,,,,,99,,,,99.01579,,,,99,,,,
1,Jamaica,JAM,,,,,,,,,,,,,,,,,,,,,,,,,,,,,,,,,,,,,,,,,,,,,,,,,,,,,,,88.13225,88.4999,,,,,,,,
1,Japan,JPN,,,,,,,,,,,,,,,,,,,,,,,,,,,,,,,,,,,,,,,,,,,,,,,,,,,,,,,,,,,,,,,,
1,Jordan,JOR,,,,,,,,,,,,,,,,,,,,,,,,,,,,,,,,,,,,,,,,,,,,90,,91,,92,,,93,96,98,,,98.01435,,,95.43145,,,,,95
1,Kazakhstan,KAZ,,,,,,,,,,,,,,,,,,,,,,,,,,,,,,,,,,,,,,,,100,,,,,,,,,,100,99.78163,,,,,99.78785,,,,,99.8,,,
1,Kenya,KEN,,,,,,,,,,,,,,,,,,,,,,,,,,,,,,,,,,,,,,,,,,,,,,,,72.15703,,,,,,,78.73304,78.0234,,,,,,,82.88,
1,Kiribati,KIR,,,,,,,,,,,,,,,,,,,,,,,,,,,,,,,,,,,,,,,,,,,,,,,,,,,,,,,,,,,,,,,,
1,Kosovo,OWID_KOS,,,,,,,,,,,,,,,,,,,,,,,,,,,,,,,,,,,,,,,,,,,,,,,,,,,,,,,,,,,,,,,,
1,Kuwait,KWT,,,,,,,,,,,,,,,,,,,,,68,,,,,74,,,,,,,,,,78,,,,,,,,,,93,93,94,94,,94,,96,96,,96,,96,96,,96,,,
1,Kyrgyzstan,KGZ,,,,,,,,,,,,,,,,,,,,,,,,,,,,,,,,,,,,,,,,,,,,,,,,,,99,,,,,,99.50132,,,,99.6,,,,
1,Laos,LAO,,,,,,,,,,,,,,,,,,,,,,,,,,,,,,,,,,,,,,,,,70,69,,,,73,,,,,,58.28794,,,,85,,,,,,,87.52,
1,Late-demographic dividend,,,,,,,,,,,,,,,,,,,,,,,,,,,,,,,,,,,,,,,,,,91.466995,,,,,,,,,,94.78494,,,,,,,,,,,,,
1,Latin America & Caribbean,,,,,,,,,,,,,,,,,,,,,,,,,,,,,,,,,,,,,,,,,,89.73644,,,,,,,,,,92.62431,,,,,,,,,,,,,
1,Latin America & Caribbean (IDA & IBRD),,,,,,,,,,,,,,,,,,,,,,,,,,,,,,,,,,,,,,,,,,89.47367,,,,,,,,,,92.4664,,,,,,,,,,,,,
1,Latin America & Caribbean (excluding high income),,,,,,,,,,,,,,,,,,,,,,,,,,,,,,,,,,,,,,,,,,89.45039,,,,,,,,,,92.44799,,,,,,,,,,,,,
1,Latin America and Caribbean (WB),,,,,,,,,,,,,,,,,78.73743,79.0867,79.48948,79.92699,80.32272,80.67739,81.07406,81.46111,81.84256,82.21321,82.57384,82.92527,83.21761,83.70771,84.1495,84.46787,85.06639,85.66554,86.25491,86.83326,87.40622,87.77912,88.04446,88.39903,88.71655,89.01666,89.17575,89.44306,90.0959,90.37227,90.33941,90.54231,91.39063,91.68934,91.86467,91.78517,92.49057,92.79948,92.78406,93.28205,93.42686,93.86832,93.89947,94.08591,94.25567,94.31331,94.49382,94.64692,94.79001
1,Latvia,LVA,,,,,,,,,,,,,,,,,,,,,,,,,,,,,,,,,,,,,,,,,100,,,,,,,,,,,100,,,,99.89269,,,,,,99.89,,
1,Least developed countries: UN classification,,,,,,,,,,,,,,,,,,,,,,,,,,,,,,,,,,,,,,,,,,53.4134,,,,,,,,,,60.568233,,,,,,,,,,,,,
1,Lebanon,LBN,,,,,,,,,,,,,,,,,,,,,,,,,,,,,,,,,,,,,,,,,,,,,,,,,,91,,,,,,94.0511,,,93,,,,,
1,Lesotho,LSO,,,,,,,,,,,,,,,,,,,,,,,,,,,,,,,,,,,,,,,,,,,,,,,,,,75.8002,,,,,76.6352,79.36093,,,86.24087,,,,82.01,
1,Liberia,LBR,,,,,,,,,,,,,,,,,,,,,,,,,,,,,,,,,,,42.66605,,,,,,,,,,43.10837,,,42.94108,,,,,,,,47.60014,,48.30136,,,,,,
1,Libya,LBY,,,,,,,,,,,,,,,,,,,,,,,,,,,,,,,,,,,76.5,,,,,,,,,,85.41682,,,,,,,,,,91.04144,91.38887,,,,,,,,
1,Liechtenstein,LIE,,,,,,,,,,,,,,,,,,,,,,,,,,,,,,,,,,,,,,,,,,,,,,,,,,,,,,,,,,,,,,,,
1,Lithuania,LTU,,,,,,,,,,,,,,,,,,,,,,,,,,,,,,,,,,,,,,,,,,100,,,,,,,,,,100,,,,99.82328,,,,,,99.83,,
1,Low income,,,,,,,,,,,,,,,,,,,,,,,,,,,,,,,,,,,,,,,,,,52.69497,,,,,,,,,,56.57406,,,,,,,,,,,,,
1,Low-income countries,,,,,,,,,,,,,,,,,,,,,,,,,,,,,,,46.89375,47.39165,47.6823,47.82185,48.03085,48.31109,48.676,49.04267,49.73331,50.43019,50.97881,51.39866,52.04716,52.7164,53.11349,53.58198,53.99721,52.1799,53.41816,54.31401,54.82347,55.31973,57.35872,57.80881,58.65501,59.07083,59.74246,60.4267,61.48362,61.45404,61.52847,61.69004,62.18141,62.63246,63.03853
1,Lower middle income,,,,,,,,,,,,,,,,,,,,,,,,,,,,,,,,,,,,,,,,,,67.3316,,,,,,,,,,73.91008,,,,,,,,,,,,,
1,Lower-middle-income countries,,,,,,,,,,,,,,,,,,44.36313,44.89862,45.45136,46.00061,46.53306,47.06519,47.63435,48.12107,48.72107,49.32205,49.83683,50.71524,51.40592,52.1036,52.8069,53.51564,54.40485,55.26998,56.08274,56.85776,57.63437,58.41293,61.84885,62.59148,62.80231,63.52992,64.24833,65.29472,65.99687,65.78602,65.76852,66.29194,66.94372,67.63524,69.50833,69.80986,70.25576,71.1596,71.89687,72.98467,73.734,74.26711,75.07314,75.24551,75.8803,76.48823,77.08264,77.63182
1,Luxembourg,LUX,,,,,,,,,,,,,,,,,,,,,,,,,,,,,,,,,,,,,,,,,,,,,,,,,,,,,,,,,,,,,,,,
1,Macao,MAC,,,,,,,,,,,,,,,,,,,,,,,,,,,,,,,,,,,,,,,,,,91,,,,,93,,,,,96,,,,96.2276,97,,,,,97.11,,
1,Madagascar,MDG,,,,,,,,,,,,,,,,,,,,,,,,,,,,,,,,,,,,,,,,,,,,,,59,,,,64.48091,,,72,,,64.6563,,,77,,,74.68614,77.48,
1,Malawi,MWI,,,,,,,,,,,,,,,,,,,,,,,,,,,,,,,,,,,,,,,64,,,,,,,,,,,,61.30972,,,,65.14537,62.14354,,,,,70.15227,,68.08,
1,Malaysia,MYS,,,,,,,,,,,,,,,,,,,,,,,,,,,,,,,,83,,,,,,,,,88.68776,,,,,,,,,,93,,,,,94.63699,95,95,95,95,,,96,
1,Maldives,MDV,,,,,,,,,,,,,,,,,,,,,,,,,,92,,,,,96,,,,,96,,,,,96,,,,,,98,,,,,,,,99,99.32102,98,94.50551,,98.21186,,97.86,,
1,Mali,MLI,,,,,,,,,,,,,,,,,,,,,,,,,,,,,,,,,,,,,,,19,,,,,24,,,26,,,,31,31,,,,33,,,35,,31,,,
1,Malta,MLT,,,,,,,,,,,,,,,,,,,,,,,,,,,,,,,,,,,,88,,,,,,,,,,92,,,,,,93,,,,94.06661,,,,,,94.94,,
1,Marshall Islands,MHL,,,,,,,,,,,,,,,,,,,,,,,,,,,,,,,,,,,,,,,,,,,,,,,,,,,,,,,,98.26508,,,,,,,,
1,Mauritania,MRT,,,,,,,,,,,,,,,,,,,,,,,,,,,,,,,,,,,,,,,,,,,,,,,,45.50378,,,,,,62,,65.11202,,,,,59.52966,66.96,,
1,Mauritius,MUS,,,,,,,,,,,,,,,,,,,,,,,,,,,,,,,,,,,,,,,,,84,,,,,,,,,,,89,92,91,92,93,93,,,,,92.15,,
1,Mexico,MEX,,,,,,,,,,,75,,,,,,,,,82,83,,,,,,,,,,88,,,,,,,,,,91,,90,,91,92,92,93,93,93,93,94,94,94,95,94,95,95,95,,95,,,
1,Micronesia,,,,,,,,,,,,,,,,,,,,,,,,,,,,,,,,,,,,,,,,,,,,,,,,,,,,,,,,,,,,,,,,,
1,Middle East & North Africa,,,,,,,,,,,,,,,,,,,,,,,,,,,,,,,,,,,,,,,,,,70.40315,,,,,,,,,,80.750015,,,,,,,,,,,,,
1,Middle East & North Africa (IDA & IBRD),,,,,,,,,,,,,,,,,,,,,,,,,,,,,,,,,,,,,,,,,,67.76973,,,,,,,,,,78.23286,,,,,,,,,,,,,
1,Middle East & North Africa (excluding high income),,,,,,,,,,,,,,,,,,,,,,,,,,,,,,,,,,,,,,,,,,68.023575,,,,,,,,,,78.43881,,,,,,,,,,,,,
1,Middle East and North Africa (WB),,,,,,,,,,,,,,,,,44.49103,44.99968,45.55852,46.21684,46.89799,47.65434,48.41632,49.33712,50.03418,50.99546,51.94508,52.89566,53.82654,54.84007,55.84551,58.23571,59.42651,60.52205,61.38714,62.34871,63.82514,64.96068,66.06362,67.26733,68.36744,69.40159,70.53242,71.56456,74.12706,74.96323,75.57109,74.59212,75.36998,77.08521,76.01827,76.60938,77.32386,77.99774,78.60817,78.98551,79.63974,78.47635,78.92874,79.25672,79.55386,79.89577,80.30119,80.6111,80.94914
1,Middle income,,,,,,,,,,,,,,,,,,,,,,,,,,,,,,,,,,,,,,,,,,79.70074,,,,,,,,,,84.38868,,,,,,,,,,,,,
1,Moldova,MDA,,,,,,,,,,,,,,,,,,,,,,,,,,,,,,,,,,,,,,,,,97,,,,,,,,,,,,,,99,99.24439,,,,,,99.6,,
1,Monaco,MCO,,,,,,,,,,,,,,,,,,,,,,,,,,,,,,,,,,,,,,,,,,,,,,,,,,,,,,,,,,,,,,,,
1,Mongolia,MNG,,,,,,,,,,,,,,,,,,,,,,,,,,,,,,,,,,,,,,,,,,,,,,,,,,,98,,,,,98.36764,,,96.89635,,99,,,
1,Montenegro,MNE,,,,,,,,,,,,,,,,,,,,,,,,,,,,,,,,93,,,,,,,,,,,,98,,,,,,,,98,,,,98.71995,,,98.5344,,,98.98,,
1,Montserrat,MSR,,,,,,,,,,,,,,,,,,,,,,,,,,,,,,,,,,,,,,,,,,,,,,,,,,,,,,,,,,,,,,,,
1,Morocco,MAR,,,,,,,,,,,,,,,,,,,,,,,,,,,,,,,,,,,42,,,,,,,,,,52,,,,55,56,,67,69,,76,71.71055,,,,,,,77.35,
1,Mozambique,MOZ,,,,,,,,,,,,,,,,,,,,,,,,,,,,,,,,,,,,,,39,,,,,,48,,,,,,51,,,,,,56,,61,,,60,,,
1,Myanmar,MMR,,,,,,,,,,,,,,,,,,,,,,,,,,,,,,,,,,,,,,,,,90,,,,,,,,,,,,,,92.92316,93.09005,75.5512,,,89,,,,
1,Namibia,NAM,,,,,,,,,,,,,,,,,,,,,,,,,,,,,,,,,,,,,,,,,,85,,,,,,76.48659,,,,88,,,,90.8205,,,,,,92.25,,
1,Nepal,NPL,,,,,,,,,,,,,,,,,,,,,,,,,,,,,,,,33,,,,,,,,,,49,,,,,,,,,,60,,,,64.66364,65.50101,,,68.7125,,71.15,,
1,Netherlands,NLD,,,,,,,,,,,,,,,,,,,,,,,,,,,,,,,,,,,,,,,,,,,,,,,,,,,,,,,,,,,,,,,,
1,New Caledonia,NCL,,,,,,,,,,,,,,,,,,,,,,,,,,,,,,93,,,,,,,96,,,,,,,,,,97.3,,,,,,,,96.80667,96.93782,,,,,,,,
1,New Zealand,NZL,,,,,,,,,,,,,,,,,,,,,,,,,,,,,,,,,,,,,,,,,,,,,,,,,,,,,,,,,,,,,,,,
1,Nicaragua,NIC,,,,,,,,,,,57,57,58,58,59,59,59,60,60,61,61,61,62,62,63,63,63,64,64,64,65,65,65,66,66,67,67,67,68,68,66,77,,,,78,,,,,,,,,,82.61455,,,,,,,,
1,Niger,NER,,,,,,,,,,,,,,,,,,,,,,,,,,,,,,,,,,,,,,,,,,,,,,29,,,,,,,31,,,19.1026,,,,,,,38.1,
1,Nigeria,NGA,,,,,,,,,,,,,,,,,,,,,,,,,,,,,,,,,,,,,,,,,,,,55,,,70,,51.07766,,,,,,,59.56808,58.22134,,62.01601,,,63.15554,,
1,Niue,NIU,,,,,,,,,,,,,,,,,,,,,,,,,,,,,,,,,,,,,,,,,,,,,,,,,,,,,,,,,,,,,,,,
1,North America (WB),,,,,,,,,,,,,,,,,,,,,,,,,,,,,,,,,,,,,,,,,,,,,,98.63156,98.64237,98.65695,98.66643,98.68658,,,,,,,,,98.75348,98.75979,98.76517,98.77029,98.77717,98.77941,
1,North Korea,PRK,,,,,,,,,,,,,,,,,,,,,,,,,,,,,,,,,,,,,,,,,,,,,,,,,,,,,,,,99.99924,,,99.99819,,,,,
1,North Macedonia,MKD,,,,,,,,,,,,,,,,,,,,,,,,,,,,,,,,,,,,,,,,,,,96,,,,,,,,,,97.6,,97.75175,97.84376,,,,,,,,
1,Northern Mariana Islands,MNP,,,,,,,,,,,,,,,,,,,,,,,,,,,,,,,,,,,,,,,,,,,,,,,,,,,,,,,,,,,,,,,,
1,Norway,NOR,,,,,,,,,,,,,,,,,,,,,,,,,,,,,,,,,,,,,,,,,,,,,,,,,,,,,,,,,,,,,,,,
1,Oman,OMN,,,,,,,,,,,,,,,,,,,,,,,,,,,,,,,,,,,,,,,,,,,,,,,,,87,,87,,,,91.9812,93,,96,96,,,,97,
1,Other small states,,,,,,,,,,,,,,,,,,,,,,,,,,,,,,,,,,,,,,,,,,78.839775,,,,,,,,,,83.64996,,,,,,,,,,,,,
1,Pacific island small states,,,,,,,,,,,,,,,,,,,,,,,,,,,,,,,,,,,,,,,,,,,,,,,,,,,,,,,,,,,,,,,,,
1,Pakistan,PAK,,,,,,,,,,,,,,,,,,,,,,,,,,,,,,,,,,,,,,,43,,,,,,,50,54,52,56,55,55,55,57,56,57,56.44031,,59,57,58,,,,
1,Palau,PLW,,,,,,,,,,,,,,,,,,,,,,,,,,,,,,,,,,,94.4333,,,,,,,,,,96.9898,,,,,,,,,100,,97,,,,,,,,
1,Palestine,PSE,,,,,,,,,,,,,,,,,,,,,,,,,,,,,,,,,,,,,,,,,,,,,92,,93,94,94,94,95,95,96,96,96,96,97,97,97,97,98,,98,
1,Panama,PAN,,,,,,,,,,,79,80,80,81,81,82,83,83,84,84,88,,,,,,,,,,89,,,,,,,,,,92,,,,,,,,,,94,,,,,95.03823,,,95,96,,,,
1,Papua New Guinea,PNG,,,,,,,,,,,,,,,,,,,,,,,,,,,,,,,,,,,,,,,,,,,,,,,,,,,61.6,,,,63.09609,63.43349,,70.06368,,,,,,
1,Paraguay,PRY,,,,,,,,,,,80,80,81,82,82,83,84,84,85,85,86,86,78,,,,,,,,,,90,,,,,,,,,,,,,,,95,93,94,94,,94,95,95,96,95,,94,93,95,,,
1,Peru,PER,,,,,,,,,,,72,,,,,,,,,79,79,82,,,,,,,,,,,,87,,,,,,,,,,,88,88,89,90,,,,,94,,94,94,94,94,94,,94,,,
1,Philippines,PHL,,,,,,,,,,,,,,,,,,,,,,,,,,,,,,,94,,,,94,,,,,,93,,,93,,,,,95,,,,,96,,98,,,,96,98,,,
1,Poland,POL,,,,,,,,,,,,,,,,,,,,,,,,,,,,,99.3,,,,,,99.40237,,,,,,,,,,99.61794,,,,,,,,,,99.77411,99.78742,,,,,,99.8,,
1,Portugal,PRT,,,,,,,,,,,,,,,,,,,,,,,,,,,,,,,,88,,,,,,,,,,,,,,,,,,,,94,,,,95.42811,,,,,,96.78,,
1,Pre-demographic dividend,,,,,,,,,,,,,,,,,,,,,,,,,,,,,,,,,,,,,,,,,,55.785202,,,,,,,,,,58.624794,,,,,,,,,,,,,
1,Puerto Rico,PRI,,,,,,,,,,,,,,,,,,,,,,,,,,,,,,,90,,,,,,,,,,,,,,90.52934,,,,,,92,,,,,93.32942,,92,,,,92.4,,
1,Qatar,QAT,,,,,,,,,,,,,,,,,,,,,,,,,,,,,,,,,,,,,,83,,,,,,,89,,,93,94,95,96,96,97,97,98,97.75709,,,,,,,,
1,Romania,ROU,,,,,,,,,,,,,,,,,,,,,,,,,,,,,,,,,,,,,,,,,,,97,,,,,,,,,99,,,,98.75703,,,,,,99,,
1,Russia,RUS,,,,,,,,,,,,,,,,,,,,,,,,,,,,,,,,,,,,,,,,,,,99,,,,,,,,100,,,,,99.71957,,,,,,100,,
1,Rwanda,RWA,,,,,,,,,,,,,,,,,,,,,,,,,,,,,,,,58,,,,,,,,,65,,,,,,,,,,65.85227,,68,,71,71.2435,,,73,,80.05086,,79,
1,Saint Helena,SHN,,,,,,,,,,,,,,,,,,,,,,,,,,,,,,,,,,,,,,,,,,,,,,,,,,,,,,,,,,,,,,,,
1,Saint Kitts and Nevis,KNA,,,,,,,,,,,,,,,,,,,,,,,,,,,,,,,,,,,,,,,,,,,,,,,,,,,,,,,,,,,,,,,,
1,Saint Lucia,LCA,,,,,,,,,,,,,,,,,,,,,,,,,,,,,,,,,,,,,,,,,,,,,,,,,,,,,,,,,,,,,,,,
1,Saint Pierre and Miquelon,SPM,,,,,,,,,,,,,,,,,,,,,,,,,,,,,,,,,,,,,,,,,,,,,,,,,,,,,,,,,,,,,,,,
1,Saint Vincent and the Grenadines,VCT,,,,,,,,,,,,,,,,,,,,,96.9,,,,,,,,,,,,,,,,,,,,,,,,,,,,,,,,,,,,,,,,,,,
1,Samoa,WSM,,,,,,,,,,,,,,,,,,,,,,,,,,,,,,,,,,,,,,,,,,,,,98.54048,,,,,,,99,,,,99.01501,,,,97.99026,,99.1,,
1,San Marino,SMR,,,,,,,,,,,,,,,,,,,,,,,,,,,,,,,,,,,,,,,,,,,,,,,,,,,,,,,,,,,,,,,100,
1,Sao Tome and Principe,STP,,,,,,,,,,,,,,,,,,,,,,,,,,,,,,,,73,,,,,,,,,,85,,,,,,,69.53639,,,,90,,,91.74711,,,,87.43846,,,93.75,
1,Saudi Arabia,SAU,,,,,,,,,,,,,,,,,,,,,,,,,,,,,,,,,,,,,,,,,79,,,,83,,,,,,,,,94,,94.84237,,95,,,98,,,
1,Senegal,SEN,,,,,,,,,,,,,,,,,,,,,,,,,,,,,,,,,,,,,,,,,,,39,,,,42,,,48,,52,,44,,43.59273,46.09964,52,46.60591,46.83367,,,57.67,
1,Serbia,SRB,,,,,,,,,,,,,,,,,,,,,,,,,,,,,,,,,,,,,,,,,,,,,,,,,,,,98,,,,98.00289,99,,,99,,,,
1,Seychelles,SYC,,,,,,,,,,,,,,,,,,,,,,,,,,,,,,,,,,,88,,,,,,,,92,,,,,,,,94,,,,,95.32108,,,,,96.2,,,
1,Sierra Leone,SLE,,,,,,,,,,,,,,,,,,,,,,,,,,,,,,,,,,,,,,,,,,,,,,,,,,,,,,32.42617,47.18624,48.4319,,44.83318,,43.57778,,,48.64,
1,Singapore,SGP,,,,,,,,,,,,,,,,,,,,,,,,,,,,,,,89,,,,,,,,,,93,,,,,,,,,,96,96,96,97,97,97,97,97,97,97,97,98,,
1,Slovakia,SVK,,,,,,,,,,,,,,,,,,,,,,,,,,,,,,,,,,,,,,,,,,,,,,,,,,,,,,,,,,,,,,,,
1,Slovenia,SVN,,,,,,,,,,,,,,,,,,,,,,,,,,,,,,,,,,,,,,,,,,99.6,,,99.65179,,,,,,,,,,99.71005,99.71476,,,,,,,,
1,Small states,,,,,,,,,,,,,,,,,,,,,,,,,,,,,,,,,,,,,,,,,,81.47796,,,,,,,,,,85.654785,,,,,,,,,,,,,
1,Solomon Islands,SLB,,,,,,,,,,,,,,,,,,,,,,,,,,,,,,,,,,,,,,,,,,,,,,,,,,,,84.1,,,,,,,,,,,,
1,Somalia,SOM,,,,,,,,,,,,,,,,,,,,,,,,,,,,,,,,,,,,,,,,,,37.8,,,,,,,,,,,,,,,,,,,,,54,
1,South Africa,ZAF,,,,,,,,,,,,,,,,,,,,,,,,,,,,,,,,,,,,,82,,,,,,,,,,,89,,93,93,93,94,,94,94,91.73724,87,,95,,90,,
1,South Asia,,,,,,,,,,,,,,,,,,,,,,,,,,,,,,,,,,,,,,,,,,58.08542,,,,,,,,,,66.69118,,,,,,,,,,,,,
1,South Asia (IDA & IBRD),,,,,,,,,,,,,,,,,,,,,,,,,,,,,,,,,,,,,,,,,,58.08542,,,,,,,,,,66.69118,,,,,,,,,,,,,
1,South Asia (WB),,,,,,,,,,,,,,,,,,36.04425,36.69573,37.34392,37.98554,38.5959,39.17633,39.82555,40.47922,41.1337,41.78567,42.44037,43.09805,43.84537,44.61243,45.35921,46.08564,47.08633,48.08146,48.84938,49.64049,50.4492,51.26017,56.07956,56.87631,57.65058,58.41306,59.20313,60.09578,60.87617,60.67367,60.84876,61.68392,62.5963,63.45801,66.02896,66.62986,66.67659,67.70576,68.45516,69.78215,71.10578,71.66783,72.19206,71.96603,72.68319,73.47901,74.26527,75.00885
1,South Korea,KOR,,,,,,,,,,,,,,,,,,,,,,,,,,,,,,,,,,,,,,,,,,,,,,,,,,,,,,,,,,,98.8,,,,,
1,South Sudan,SSD,,,,,,,,,,,,,,,,,,,,,,,,,,,,,,,,,,,,,,,,,,,,,,,,,,,,,,,,31.97625,,,34.52276,,,,,
1,Southern and Eastern Africa (WB),,,,,,,,,,,,,,,,,,,,,,,,,,,,,,57.26846,57.61875,58.14876,58.1818,58.46995,58.9126,59.3459,59.92194,60.44986,61.19146,61.40491,62.26571,62.7701,63.25819,63.95227,64.44235,64.67675,64.13368,62.17928,63.13408,63.36718,64.0625,64.81,66.87128,68.54787,69.38086,70.03531,70.44709,71.10517,71.02998,71.4954,72.65866,72.85576,72.63891,72.98156,73.27511
1,Spain,ESP,,,,,,,,,,,,,,,,,,,,,,,,,,,,,,,,96,,,,,,,,,,,,,97,98,98,98,98,98,98,98,98,98,98,98,98,,98,,99,,,
1,Sri Lanka,LKA,,,,,,,,,,,,,,,,,,,,,,,,,,,,,,,,,,,,,,,,,,91,,,,,91,,91,,91,,,,,92.61417,92,92,92,92,92,92,92,
1,Sub-Saharan Africa,,,,,,,,,,,,,,,,,,,,,,,,,,,,,,,,,,,,,,,,,,,,,,,,,,,,60.880547,,,,,,,,,,,,,
1,Sub-Saharan Africa (IDA & IBRD),,,,,,,,,,,,,,,,,,,,,,,,,,,,,,,,,,,,,,,,,,56.981934,,,,,,,,,,60.880547,,,,,,,,,,,,,
1,Sub-Saharan Africa (WB),,,,,,,,,,,,,,,,,,,,,,,,,,,,49.99505,50.62446,51.13833,51.67959,52.30686,52.65164,53.12544,53.7068,54.30921,54.72155,55.37812,56.21824,56.89161,57.74526,56.62755,57.40014,58.11591,58.6459,59.33332,59.05679,58.16811,57.96338,58.28565,58.75711,59.43254,60.91714,62.14601,62.99641,63.68724,64.28751,64.87826,65.2303,66.81657,67.44165,67.62379,67.61568,67.93573,68.19624
1,Sub-Saharan Africa (excluding high income),,,,,,,,,,,,,,,,,,,,,,,,,,,,,,,,,,,,,,,,,,,,,,,,,,,,60.875755,,,,,,,,,,,,,
1,Sudan,SDN,,,,,,,,,,,,,,,,,,,,,,,,,,,,,,,,,,,,,,,,,,,,,,,,,54,,,,,,,58.60132,,,60.69718,,,,,
1,Suriname,SUR,,,,,,,,,,,,,,,,,,,,,,,,,,,,,,,,,,,,,,,,,,,,,,,,,95,,95,,93,,,95.53899,,,,,,95,,
1,Sweden,SWE,,,,,,,,,,,,,,,,,,,,,,,,,,,,,,,,,,,,,,,,,,,,,,,,,,,,,,,,,,,,,,,,
1,Switzerland,CHE,,,,,,,,,,,,,,,,,,,,,,,,,,,,,,,,,,,,,,,,,,,,,,,,,,,,,,,,,,,,,,,,
1,Syria,SYR,,,,,,,,,,,,,,,,,,,,,,,,,,,,,,,,,,,,,,,,,,,83,,81,,,,,,,,,,86.3,86.30393,,,,,,94,,
1,Taiwan,TWN,,,,,,,,,,,,,,,,,,,,,,,,,,,,,,,,,,,,,,,,,,,,,,,,,,,,,,,,,,,,,,,,
1,Tajikistan,TJK,,,,,,,,,,,,,,,,,,,,,,,,,,,,,,,,,,,,,,,,,99,,,,,,,,,,99.7,,,,99.76841,99.78105,,,,,,,,
1,Tanzania,TZA,,,,,,,,,,,,,,,,,,,,,,,,,,,,,,,,,,,,,,,,,,,69,,,,,,,,67.8007,,78,,,78,,,,,,,82.02,
1,Thailand,THA,,,,,,,,,,,,,,,,,,,,,,,,,,,,,,,,,,,,,,,,,93,,,,,94,,,,,96,,,94,,93,91.9814,,94,91.26915,,94.1,91.09987,
1,Togo,TGO,,,,,,,,,,,,,,,,,,,,,,,,,,,,,,,,,,,,,,,,,,,,,,,57,,,57,,60,,,,64,,,,67,,,,
1,Tonga,TON,,,,,,,,,,,,,,,,,,,,,,,,,,,,,,,,,,,,,99,,,,,,,,,,99,,,,,99,,,,99.39786,,,,91.05162,,99.4,,
1,Trinidad and Tobago,TTO,,,,,,,,,,,,,,,,,,,,,,,,,,,,,,,97,,,,,,,,,,97.9,,,,98.28851,,,,,,,,,,98.91949,98.96958,,,,,,,,
1,Tunisia,TUN,,,,,,,,,,,,,,,,,,,,,,,,,,,,,,,,,,,59.06181,,,,,,,,,,74,,,77,78,,79,80,80,,79,81.05419,,,79.47511,81,,,85.21493,
1,Turkey,TUR,,,,,,,,,,,,,,,,,,,,,66,,,,,76,,,,,79,,,,,,,,,,,,,,87,88,88,89,,91,93,94,95,95,95,96,96,96,,97,,,,
1,Turkmenistan,TKM,,,,,,,,,,,,,,,,,,,,,,,,,,,,,,,,,,,,,,,,,,,,,,99.4,,,,,,,,,99.67285,99.69293,,,,,,,,
1,Turks and Caicos Islands,TCA,,,,,,,,,,,,,,,,,,,,,,,,,,,,,,,,,,,,,,,,,,,,,,,,,,,,,,,,,,,,,,,,
1,Uganda,UGA,,,,,,,,,,,,,,,,,,,,,,,,,,,,,,,,,,,,,,,,,,,68,,,,71,,,,73,,70,,,73.80984,69.10132,,,,,,80.59,
1,Ukraine,UKR,,,,,,,,,,,,,,,,,,,,,,,,,,,,,,,,,,,,,,,,,,,,,,,,,,,,,99.97435,,99.75347,99.76411,,,,,,100,,
1,United Arab Emirates,ARE,,,,,,,,,,,,,,,,,,,,,,,,,,71,,,,,,,,,,,,,,,,,,,,90,,,,,,,,,,92.98637,,,,98,,98,98,
1,United Kingdom,GBR,,,,,,,,,,,,,,,,,,,,,,,,,,,,,,,,,,,,,,,,,,,,,,,,,,,,,,,,,,,,,,,,
1,United States,USA,,,,,,,,,,,,,,,,,,,,99.4,,,,,,,,,,,,,,,,,,,,,,,,99,,,,,,,,,,,,,,,,,,,,
1,Upper middle income,,,,,,,,,,,,,,,,,,,,,,,,,,,,,,,,,,,,,,,,,,90.65731,,,,,,,,,,94.26899,,,,,,,,,,,,,
1,Upper-middle-income countries,,,,,,,,,,,,,,,,,,,66.49083,67.51543,68.63815,69.66099,70.64652,71.57013,72.50382,73.58393,74.485,75.36734,76.26551,79.67043,80.31058,81.04114,81.58651,82.15758,82.6979,83.23142,83.80124,84.31269,88.7168,89.1177,89.47645,89.87667,90.19642,90.54139,90.98183,91.3237,91.58416,91.86817,92.87729,93.30886,93.40503,93.60919,93.75011,93.99739,94.06516,94.41684,94.53935,94.76116,94.77168,94.92602,95.21391,95.32048,95.35308,95.49537,95.61952
1,Uruguay,URY,,,,,,,,,,,93,93,93,93,94,94,,,,,,,,,,95,,,,,,,,,,,97,,,,,,,,,,98,98,98,98,98,98,98,98,98,99,99,99,99,99,,,99,
1,Uzbekistan,UZB,,,,,,,,,,,,,,,,,,,,,,,,,,,,,,,,,,,,,,,,,,,,,,,,,,,,,,100,100,100,100,,100,100,,100,100,
1,Vanuatu,VUT,,,,,,,,,,,,,,,,,,,,,,,,,58.2,,,,,,,,,,68.7,,,,,74,,,,,78.4,,,,,,,,,,84.7,85.05868,,,,,,89.1,,
1,Vatican,VAT,,,,,,,,,,,,,,,,,,,,,,,,,,,,,,,,,,,,,,,,,,,,,,,,,,,,,,,,,,,,,,,,
1,Venezuela,VEN,,,,,,,,,,,76,77,78,79,80,80,81,82,83,83,84,85,,,,,,,,,90,,,,,,,,,,,93,,,,,,95,,96,,95,,,,97,97,,,,,,97.6,
1,Vietnam,VNM,,,,,,,,,,,,,,,,,,,,,,,,,,,,,,88,,,,,,,,,,90,90,,,,,,,,,94,,,,,,94.51427,,,,96,,,96,
1,Virgin Islands,,,,,,,,,,,,,,,,,,,,,,,,,,,,,,,,,,,,,,,,,,,,,,,,,,,,,,,,,,,,,,,,,
1,Wallis and Futuna,WLF,,,,,,,,,,,,,,,,,,,,,,,,,,,,,,,,,,,,,,,,,,,,,,,,,,,,,,,,,,,,,,,,
1,Western and Central Africa (WB),,,,,,,,,,,,,,,,,,,,,,,,,,,,40.55083,41.29014,41.97093,42.79779,43.57052,44.36271,45.13663,45.95827,46.83009,47.00222,47.86489,48.86634,50.23897,51.08981,47.57738,48.76512,49.49761,50.07911,51.42786,51.54042,52.22362,50.2877,50.72984,50.85757,51.41708,52.02649,52.57311,53.42175,54.14114,55.00662,55.46578,56.4722,59.74735,59.55367,59.70324,60.00732,60.29085,60.50555
1,World,OWID_WRL,,,,,,,,,,,,,,,,,65.65878,65.9491,66.57206,67.23375,67.84755,68.45053,69.04214,69.61132,70.27237,70.86436,71.41604,72.10942,73.82409,74.34682,74.90692,75.28641,75.69422,76.10236,76.50139,76.91177,77.29624,79.28838,80.46865,80.80594,80.97918,81.28596,81.64014,82.11424,82.44724,82.45471,82.42525,83.0118,83.38551,83.60867,84.22716,84.41078,84.60138,84.9031,85.28639,85.67888,86.00011,86.177,86.43748,86.54791,86.74745,86.92751,87.15533,87.356
1,Yemen,YEM,,,,,,,,,,,,,,,,,,,,,,,,,,,,,,,,,,,,,,,,,,,,,54.1,,,,,,,,,,68.78942,69.96195,,,,,,,,
1,Zambia,ZMB,,,,,,,,,,,,,,,,,,,,,,,,,,,,,,,,,,,,,,,,68,,,69,,,,,61.12709,,,83,,,,,85.11726,,,71.1323,,87.5,,,